#
# A fatal error has been detected by the Java Runtime Environment:
#
#  EXCEPTION_ACCESS_VIOLATION (0xc0000005) at pc=0x00007ff94e73b656, pid=8872, tid=7664
#
# JRE version: OpenJDK Runtime Environment Temurin-25.0.2+10 (25.0.2+10) (build 25.0.2+10-LTS)
# Java VM: OpenJDK 64-Bit Server VM Temurin-25.0.2+10 (25.0.2+10-LTS, mixed mode, sharing, tiered, compressed oops, compressed class ptrs, g1 gc, windows-amd64)
# Problematic frame:
# C  [awt.dll+0xdb656]
#
# No core dump will be written. Minidumps are not enabled by default on client versions of Windows
#
# If you would like to submit a bug report, please visit:
#   https://github.com/adoptium/adoptium-support/issues
# The crash happened outside the Java Virtual Machine in native code.
# See problematic frame for where to report the bug.
#

---------------  S U M M A R Y ------------

Command Line: -Dstdout.encoding=UTF-8 -Dstderr.encoding=UTF-8 SmartParkGUI

Host: 12th Gen Intel(R) Core(TM) i5-12450H, 12 cores, 15G,  Windows 11 , 64 bit Build 26100 (10.0.26100.7705)
Time: Tue Feb 24 14:55:36 2026 India Standard Time elapsed time: 495.843185 seconds (0d 0h 8m 15s)

---------------  T H R E A D  ---------------

Current thread (0x000001a59eb5e810):  JavaThread "AWT-EventQueue-0"        [_thread_in_native, id=7664, stack(0x0000001c22500000,0x0000001c22600000) (1024K)]

Stack: [0x0000001c22500000,0x0000001c22600000],  sp=0x0000001c225fec10,  free space=1019k
Native frames: (J=compiled Java code, j=interpreted, Vv=VM code, C=native code)
C  [awt.dll+0xdb656]  (no source info available)
C  [awt.dll+0xdceb2]  (no source info available)
C  0x000001a58ff6d193  (no source info available)

The last pc belongs to native method entry point (kind = native) (printed below).
Java frames: (J=compiled Java code, j=interpreted, Vv=VM code)
j  sun.awt.Win32GraphicsDevice.initNativeScale(I)V+0 java.desktop@25.0.2
j  sun.awt.Win32GraphicsDevice.initScaleFactors()V+60 java.desktop@25.0.2
j  sun.awt.Win32GraphicsDevice.displayChanged()V+16 java.desktop@25.0.2
j  sun.awt.Win32GraphicsEnvironment.displayChanged()V+271 java.desktop@25.0.2
j  sun.awt.windows.WToolkit.lambda$displayChanged$0()V+15 java.desktop@25.0.2
j  sun.awt.windows.WToolkit$$Lambda+0x00000000261b5f50.run()V+0 java.desktop@25.0.2
J 3174 c2 java.awt.EventDispatchThread.pumpOneEventForFilters(I)V java.desktop@25.0.2 (106 bytes) @ 0x000001a5905eb054 [0x000001a5905ea600+0x0000000000000a54]
j  java.awt.EventDispatchThread.pumpEventsForFilter(ILjava/awt/Conditional;Ljava/awt/EventFilter;)V+35 java.desktop@25.0.2
j  java.awt.EventDispatchThread.pumpEventsForHierarchy(ILjava/awt/Conditional;Ljava/awt/Component;)V+11 java.desktop@25.0.2
j  java.awt.EventDispatchThread.pumpEvents(ILjava/awt/Conditional;)V+4 java.desktop@25.0.2
j  java.awt.EventDispatchThread.pumpEvents(Ljava/awt/Conditional;)V+3 java.desktop@25.0.2
j  java.awt.EventDispatchThread.run()V+9 java.desktop@25.0.2
v  ~StubRoutines::call_stub 0x000001a58ff612ed

siginfo: EXCEPTION_ACCESS_VIOLATION (0xc0000005), reading address 0xffffffffffffffff


Registers:
RAX=0x0001000600000016, RBX=0x000001a59e3880d0, RCX=0x0001000600000016, RDX=0x0000000000000000
RSP=0x0000001c225fec10, RBP=0x0000001c225fecf0, RSI=0x0000000000000001, RDI=0x0000000000000000
R8 =0x0000000000000001, R9 =0x0000001c20878000, R10=0x000001a58ff6d233, R11=0x0000000000000100
R12=0x0000000000000000, R13=0x000001a59a21fbc0, R14=0x0000001c225fed18, R15=0x000001a59eb5e810
RIP=0x00007ff94e73b656, EFLAGS=0x0000000000010202

XMM[0]=0x0000000000000000 0x0000000000000000
XMM[1]=0x0000000000000000 0x00000000bf800000
XMM[2]=0x0000000000000000 0x0000000000000000
XMM[3]=0x0000000000000000 0x0000000000000000
XMM[4]=0x0000000000000000 0x0000000000000000
XMM[5]=0x0000000000000000 0x0000000000000000
XMM[6]=0x0000000000000000 0x8fc30fe66c9d5dfb
XMM[7]=0x0000000000000000 0xb76c25743618890c
XMM[8]=0x0000000000000000 0x97058b370aa274b1
XMM[9]=0x0000000000000000 0x9e932d087ee8b7e0
XMM[10]=0x0000000000000000 0x00000000e0558ad8
XMM[11]=0x0000000000000000 0x69f3b40de8dc6bed
XMM[12]=0x0000000000000000 0x000000007ee8b7e0
XMM[13]=0x0000000000000000 0x403e000000000000
XMM[14]=0x0000000000000000 0x00000000c1c80000
XMM[15]=0x0000000000000000 0x000000003f7f0000
  MXCSR=0x00001fa2


Register to memory mapping:

RAX=0x0001000600000016 is an unknown value
RBX=0x000001a59e3880d0 points into unknown readable memory: 0x000001a59e9fd5f0 | f0 d5 9f 9e a5 01 00 00
RCX=0x0001000600000016 is an unknown value
RDX=0x0 is null
RSP=0x0000001c225fec10 is pointing into the stack for thread: 0x000001a59eb5e810
RBP=0x0000001c225fecf0 is pointing into the stack for thread: 0x000001a59eb5e810
RSI=0x0000000000000001 is an unknown value
RDI=0x0 is null
R8 =0x0000000000000001 is an unknown value
R9 =0x0000001c20878000 points into unknown readable memory: 0x0000000000000000 | 00 00 00 00 00 00 00 00
R10=0x000001a58ff6d233 is at code_begin+1139 in an Interpreter codelet
native method entry point (kind = native)  [0x000001a58ff6cdc0, 0x000001a58ff6d8b8]  2808 bytes
R11=0x0000000000000100 is an unknown value
R12=0x0 is null
R13={method} {0x000001a59a21fbc8} 'initNativeScale' '(I)V' in 'sun/awt/Win32GraphicsDevice'
R14=0x0000001c225fed18 is pointing into the stack for thread: 0x000001a59eb5e810
R15=0x000001a59eb5e810 is a thread

Top of Stack: (sp=0x0000001c225fec10)
0x0000001c225fec10:   000001a59e3880d0 000000000000000a   ..8.............
0x0000001c225fec20:   0000001c225fec40 000001a59e3880d0   @._"......8.....
0x0000001c225fec30:   000001a59e3880d0 00007ff94e73ceb2   ..8.......sN....
0x0000001c225fec40:   00007ff94e799838 000001a59a21fbc0   8.yN......!.....
0x0000001c225fec50:   0000001c225fed70 000001a58ff783f9   p._"............
0x0000001c225fec60:   000001a58ff68cb2 000001a58ff6d193   ................
0x0000001c225fec70:   000001a59a21fbc0 0000001c225fedc8   ..!......._"....
0x0000001c225fec80:   0000001c225fed70 000001a58ff68cb2   p._"............
0x0000001c225fec90:   0000000000000001 00007ff923c920ad   ......... .#....
0x0000001c225feca0:   0000001c225fede0 fffffffffffffff7   .._"............
0x0000001c225fecb0:   0000000000000000 0000000000000005   ................
0x0000001c225fecc0:   000001a59a223168 0000000000000000   h1".............
0x0000001c225fecd0:   0000000711499d90 000001a59a21fbc0   ..I.......!.....
0x0000001c225fece0:   0000000000000000 0000001c225fed10   .........._"....
0x0000001c225fecf0:   0000001c225fed68 000001a58ff68b18   h._"............
0x0000001c225fed00:   0000000000000000 000001a58ff6a757   ........W.......
0x0000001c225fed10:   0000000000000000 0000000711601c68   ........h.`.....
0x0000001c225fed20:   fffffffffffffff7 000001a59a220224   ........$.".....
0x0000001c225fed30:   0000000000000002 000001a59a223168   ........h1".....
0x0000001c225fed40:   0000000000000000 0000000711499d90   ..........I.....
0x0000001c225fed50:   000001a59a220270 fffffffffffffff5   p.".............
0x0000001c225fed60:   0000001c225fed78 0000001c225fedc8   x._"......_"....
0x0000001c225fed70:   000001a58ff68b18 0000000711601c68   ........h.`.....
0x0000001c225fed80:   fffffffffffffff7 000001a59a2219e0   ..........".....
0x0000001c225fed90:   0000000000000003 000001a59a223168   ........h1".....
0x0000001c225feda0:   0000000000000000 0000000711499d90   ..........I.....
0x0000001c225fedb0:   000001a59a221a28 fffffffffffffff6   (.".............
0x0000001c225fedc0:   0000001c225fede0 0000001c225fee30   .._"....0._"....
0x0000001c225fedd0:   000001a58ff68b18 0000000000000000   ................
0x0000001c225fede0:   0000000711601c68 fffffffffffffff7   h.`.............
0x0000001c225fedf0:   000001a59a17e27f 0000000000000008   ................
0x0000001c225fee00:   000001a59a1824a8 0000000000000000   .$..............

Instructions: (pc=0x00007ff94e73b656)
  0x00007ff94e73b556:   11 45 d4 0f 11 45 e4 0f 11 45 f4 89 45 04 c7 45
  0x00007ff94e73b566:   a0 68 00 00 00 0f 11 44 24 34 0f 11 44 24 44 0f
  0x00007ff94e73b576:   11 44 24 54 0f 11 44 24 64 0f 11 44 24 74 0f 11
  0x00007ff94e73b586:   45 84 89 45 94 c7 44 24 30 68 00 00 00 48 8d 55
  0x00007ff94e73b596:   a0 49 8b ce ff 15 f0 73 06 00 85 c0 74 41 48 8d
  0x00007ff94e73b5a6:   54 24 30 48 8b ce ff 15 de 73 06 00 85 c0 74 2f
  0x00007ff94e73b5b6:   48 8d 54 24 34 48 8d 4d a4 ff 15 13 73 06 00 85
  0x00007ff94e73b5c6:   c0 74 1c 48 8d 54 24 44 48 8d 4d b4 ff 15 00 73
  0x00007ff94e73b5d6:   06 00 85 c0 74 09 8b 44 24 54 39 45 c4 74 11 ff
  0x00007ff94e73b5e6:   c7 3b 7b 0c 0f 8c 40 ff ff ff 8b 3d 7a ae 06 00
  0x00007ff94e73b5f6:   48 8b cb e8 e2 cd f4 ff 90 8b c7 48 8b 4d 10 48
  0x00007ff94e73b606:   33 cc e8 03 f2 00 00 4c 8d 9c 24 20 01 00 00 49
  0x00007ff94e73b616:   8b 5b 28 49 8b 73 30 49 8b e3 41 5e 5f 5d c3 cc
  0x00007ff94e73b626:   cc cc cc cc cc cc cc cc cc cc 48 8b 41 08 48 8b
  0x00007ff94e73b636:   80 18 0c 00 00 c3 cc cc cc cc 48 8b 41 08 48 05
  0x00007ff94e73b646:   00 04 00 00 c3 cc cc cc cc cc 40 53 48 83 ec 20
=>0x00007ff94e73b656:   83 79 50 00 48 8b d9 75 56 48 8b 49 28 4c 8d 44
  0x00007ff94e73b666:   24 38 48 8d 54 24 30 c7 44 24 30 00 00 80 bf c7
  0x00007ff94e73b676:   44 24 38 00 00 80 bf e8 ee cf 00 00 f3 0f 10 54
  0x00007ff94e73b686:   24 30 0f 57 c0 0f 2f d0 76 25 f3 0f 10 4c 24 38
  0x00007ff94e73b696:   0f 2f c8 76 1a f3 0f 5e 15 99 96 02 00 f3 0f 5e
  0x00007ff94e73b6a6:   0d 91 96 02 00 f3 0f 11 53 48 f3 0f 11 4b 4c 48
  0x00007ff94e73b6b6:   83 c4 20 5b c3 cc cc cc cc cc 48 89 5c 24 10 48
  0x00007ff94e73b6c6:   89 74 24 18 48 89 7c 24 20 41 56 48 83 ec 40 48
  0x00007ff94e73b6d6:   8b d9 48 83 79 18 00 75 14 b9 28 04 00 00 e8 17
  0x00007ff94e73b6e6:   89 00 00 48 89 43 18 c7 00 28 00 00 00 48 8b 43
  0x00007ff94e73b6f6:   18 45 33 f6 66 44 89 70 0e 48 8b 4b 28 e8 68 03
  0x00007ff94e73b706:   00 00 48 8b f8 ba 01 00 00 00 44 8b c2 48 8b c8
  0x00007ff94e73b716:   ff 15 14 6f 06 00 48 8b f0 44 89 74 24 30 48 8b
  0x00007ff94e73b726:   4b 18 48 89 4c 24 28 4c 89 74 24 20 41 b9 01 00
  0x00007ff94e73b736:   00 00 45 33 c0 48 8b d0 48 8b cf ff 15 09 6e 06
  0x00007ff94e73b746:   00 48 8b 53 30 48 8b 0b 83 79 04 08 0f 8e 0f 02


Stack slot to memory mapping:

stack at sp + 0 slots: 0x000001a59e3880d0 points into unknown readable memory: 0x000001a59e9fd5f0 | f0 d5 9f 9e a5 01 00 00
stack at sp + 1 slots: 0x000000000000000a is an unknown value
stack at sp + 2 slots: 0x0000001c225fec40 is pointing into the stack for thread: 0x000001a59eb5e810
stack at sp + 3 slots: 0x000001a59e3880d0 points into unknown readable memory: 0x000001a59e9fd5f0 | f0 d5 9f 9e a5 01 00 00
stack at sp + 4 slots: 0x000001a59e3880d0 points into unknown readable memory: 0x000001a59e9fd5f0 | f0 d5 9f 9e a5 01 00 00
stack at sp + 5 slots: 0x00007ff94e73ceb2 awt.dll
stack at sp + 6 slots: 0x00007ff94e799838 awt.dll
stack at sp + 7 slots: {method} {0x000001a59a21fbc8} 'initNativeScale' '(I)V' in 'sun/awt/Win32GraphicsDevice'

Lock stack of current Java thread (top to bottom):

native method entry point (kind = native)  [0x000001a58ff6cdc0, 0x000001a58ff6d8b8]  2808 bytes
[MachCode]
  0x000001a58ff6cdc0: 488b 4b08 | 0fb7 492e | 584c 8d74 | ccf8 6800 | 0000 0068 | 0000 0000 | 5055 488b | ec41 5548 
  0x000001a58ff6cde0: 8b43 084c | 8d68 3848 | 8b40 0868 | 0000 0000 | 5348 8b50 | 1848 8b52 | 7048 8b12 | 5248 8b53 
  0x000001a58ff6ce00: 1048 85d2 | 7407 4881 | c2d0 0000 | 0052 488b | 5010 5249 | 8bc6 482b | c548 c1e8 | 0350 6800 
  0x000001a58ff6ce20: 0000 0068 | f7ff ffff | 41c6 87f1 | 0400 0001 | 488b 4310 | 4885 c074 | 208b 8890 | 0000 0083 
  0x000001a58ff6ce40: c102 8988 | 9000 0000 | 2388 a400 | 0000 0f84 | b209 0000 | e9cf 0000 | 0048 8b43 | 1848 85c0 
  0x000001a58ff6ce60: 0f85 b000 | 0000 e805 | 0000 00e9 | 9900 0000 | 488b d348 | 8d44 2408 | 4c89 6dc0 | 498b cfc5 
  0x000001a58ff6ce80: f877 4989 | af38 0400 | 0049 8987 | 2804 0000 | 4883 ec20 | 40f6 c40f | 0f84 1900 | 0000 4883 
  0x000001a58ff6cea0: ec08 48b8 | 0032 9b23 | f97f 0000 | ffd0 4883 | c408 e90c | 0000 0048 | b800 329b | 23f9 7f00 
  0x000001a58ff6cec0: 00ff d048 | 83c4 2049 | c787 2804 | 0000 0000 | 0000 49c7 | 8738 0400 | 0000 0000 | 0049 c787 
  0x000001a58ff6cee0: 3004 0000 | 0000 0000 | c5f8 7749 | 837f 0800 | 0f84 0500 | 0000 e9e5 | 42ff ff4c | 8b6d c04c 
  0x000001a58ff6cf00: 8b75 c84e | 8d74 f500 | c348 8b43 | 1848 85c0 | 0f84 1200 | 0000 8b48 | 0883 c102 | 8948 0823 
  0x000001a58ff6cf20: 482c 0f84 | de08 0000 | 493b a770 | 0500 000f | 8748 0000 | 0089 8424 | 00f0 ffff | 8984 2400 
  0x000001a58ff6cf40: e0ff ff89 | 8424 00d0 | ffff 8984 | 2400 c0ff | ff89 8424 | 00b0 ffff | 8984 2400 | a0ff ff89 
  0x000001a58ff6cf60: 8424 0090 | ffff 8984 | 2400 80ff | ff49 3ba7 | 6805 0000 | 7607 4989 | a770 0500 | 0041 c687 
  0x000001a58ff6cf80: f104 0000 | 0048 8b5d | e84c 8b5b | 0845 0fb7 | 5b2e 41c1 | e303 492b | e348 83ec | 2048 83e4 
  0x000001a58ff6cfa0: f04c 8b5b | 604d 85db | 0f85 ab00 | 0000 e805 | 0000 00e9 | 9900 0000 | 488b d348 | 8d44 2408 
  0x000001a58ff6cfc0: 4c89 6dc0 | 498b cfc5 | f877 4989 | af38 0400 | 0049 8987 | 2804 0000 | 4883 ec20 | 40f6 c40f 
  0x000001a58ff6cfe0: 0f84 1900 | 0000 4883 | ec08 48b8 | 305b 9b23 | f97f 0000 | ffd0 4883 | c408 e90c | 0000 0048 
  0x000001a58ff6d000: b830 5b9b | 23f9 7f00 | 00ff d048 | 83c4 2049 | c787 2804 | 0000 0000 | 0000 49c7 | 8738 0400 
  0x000001a58ff6d020: 0000 0000 | 0049 c787 | 3004 0000 | 0000 0000 | c5f8 7749 | 837f 0800 | 0f84 0500 | 0000 e99d 
  0x000001a58ff6d040: 41ff ff4c | 8b6d c04c | 8b75 c84e | 8d74 f500 | c348 8b5d | e84c 8b5b | 6041 ffd3 | 488b 5de8 
  0x000001a58ff6d060: 4889 4518 | 440f b75b | 2c41 f6c3 | 080f 841b | 0000 004c | 8b5b 084d | 8b5b 084d | 8b5b 184d 
  0x000001a58ff6d080: 8b5b 704d | 8b1b 4c89 | 5d10 488d | 5510 488b | 4358 49ba | 302f d623 | f97f 0000 | 493b c20f 
  0x000001a58ff6d0a0: 85ab 0000 | 00e8 0500 | 0000 e999 | 0000 0048 | 8bd3 488d | 4424 084c | 896d c049 | 8bcf c5f8 
  0x000001a58ff6d0c0: 7749 89af | 3804 0000 | 4989 8728 | 0400 0048 | 83ec 2040 | f6c4 0f0f | 8419 0000 | 0048 83ec 
  0x000001a58ff6d0e0: 0848 b830 | 5b9b 23f9 | 7f00 00ff | d048 83c4 | 08e9 0c00 | 0000 48b8 | 305b 9b23 | f97f 0000 
  0x000001a58ff6d100: ffd0 4883 | c420 49c7 | 8728 0400 | 0000 0000 | 0049 c787 | 3804 0000 | 0000 0000 | 49c7 8730 
  0x000001a58ff6d120: 0400 0000 | 0000 00c5 | f877 4983 | 7f08 000f | 8405 0000 | 00e9 a640 | ffff 4c8b | 6dc0 4c8b 
  0x000001a58ff6d140: 75c8 4e8d | 74f5 00c3 | 488b 5de8 | 488b 4358 | 498d 8f48 | 0400 004c | 8d15 d500 | 0000 4d89 
  0x000001a58ff6d160: 9730 0400 | 00c5 f877 | 4989 af38 | 0400 0049 | 89a7 2804 | 0000 41c7 | 87d4 0400 | 0004 0000 
  0x000001a58ff6d180: 0049 3ba7 | c805 0000 | 7607 4989 | a7c8 0500 | 00ff d049 | 3ba7 c805 | 0000 720b | 49c7 87c8 
  0x000001a58ff6d1a0: 0500 0000 | 0000 00c5 | f877 4883 | ec10 c5fb | 1104 2448 | 83ec 1048 | 8904 2448 | c744 2408 
  0x000001a58ff6d1c0: 0000 0000 | 41c7 87d4 | 0400 0005 | 0000 00f0 | 8344 24c0 | 0049 3b6f | 280f 870e | 0000 0041 
  0x000001a58ff6d1e0: 83bf d004 | 0000 000f | 8420 0000 | 0049 8bcf | 4c8b e448 | 83ec 2048 | 83e4 f048 | b8b0 c19c 
  0x000001a58ff6d200: 23f9 7f00 | 00ff d049 | 8be4 4d33 | e441 c787 | d404 0000 | 0800 0000 | 4d8b 97f0 | 0500 0049 
  0x000001a58ff6d220: 83fa 0074 | 3549 c787 | f005 0000 | 0000 0000 | 41ff e249 | ba60 bef6 | 8fa5 0100 | 0041 ffd2 
  0x000001a58ff6d240: 4883 ec10 | c5fb 1104 | 2448 83ec | 1048 8904 | 2448 c744 | 2408 0000 | 0000 49c7 | 8728 0400 
  0x000001a58ff6d260: 0000 0000 | 0049 c787 | 3804 0000 | 0000 0000 | 49c7 8730 | 0400 0000 | 0000 00c5 | f877 4d8b 
  0x000001a58ff6d280: 9fb8 0400 | 0041 c783 | 0001 0000 | 0000 0000 | 49bb 5aa7 | f68f a501 | 0000 4c3b | 5d18 0f85 
  0x000001a58ff6d2a0: 5501 0000 | 488b 0424 | 4883 c410 | 4885 c00f | 842f 0100 | 00a8 030f | 8508 0000 | 0048 8b00 
  0x000001a58ff6d2c0: e91f 0100 | 00a8 010f | 8509 0000 | 0048 8b40 | fee9 0e01 | 0000 488b | 40ff 4180 | 7f48 000f 
  0x000001a58ff6d2e0: 84ff 0000 | 0048 83f8 | 000f 84f5 | 0000 004d | 8b5f 384d | 85db 0f84 | 1400 0000 | 4983 eb08 
  0x000001a58ff6d300: 4d89 5f38 | 4d03 5f40 | 4989 03e9 | d400 0000 | 4883 ec70 | 4889 0424 | 4889 4c24 | 0848 8954 
  0x000001a58ff6d320: 2410 4c89 | 4424 184c | 894c 2420 | 4c89 5424 | 284c 895c | 2430 c5fb | 1144 2440 | c5fb 114c 
  0x000001a58ff6d340: 2448 c5fb | 1154 2450 | c5fb 115c | 2458 c5fb | 1164 2460 | c5fb 116c | 2468 498b | d748 8bc8 
  0x000001a58ff6d360: 4883 ec20 | 40f6 c40f | 0f84 1900 | 0000 4883 | ec08 48b8 | d081 8f23 | f97f 0000 | ffd0 4883 
  0x000001a58ff6d380: c408 e90c | 0000 0048 | b8d0 818f | 23f9 7f00 | 00ff d048 | 83c4 20c5 | fb10 6c24 | 68c5 fb10 
  0x000001a58ff6d3a0: 6424 60c5 | fb10 5c24 | 58c5 fb10 | 5424 50c5 | fb10 4c24 | 48c5 fb10 | 4424 404c | 8b5c 2430 
  0x000001a58ff6d3c0: 4c8b 5424 | 284c 8b4c | 2420 4c8b | 4424 1848 | 8b54 2410 | 488b 4c24 | 0848 8b04 | 2448 83c4 
  0x000001a58ff6d3e0: 70c5 f877 | 4889 4510 | 4883 ec10 | 4889 0424 | 48c7 4424 | 0800 0000 | 0041 83bf | 5005 0000 
  0x000001a58ff6d400: 020f 85bf | 0000 0048 | 81ec 8000 | 0000 4889 | 4424 7848 | 894c 2470 | 4889 5424 | 6848 895c 
  0x000001a58ff6d420: 2460 4889 | 6c24 5048 | 8974 2448 | 4889 7c24 | 404c 8944 | 2438 4c89 | 4c24 304c | 8954 2428 
  0x000001a58ff6d440: 4c89 5c24 | 204c 8964 | 2418 4c89 | 6c24 104c | 8974 2408 | 4c89 3c24 | 4c8b e448 | 83ec 2048 
  0x000001a58ff6d460: 83e4 f048 | b8a0 16d6 | 23f9 7f00 | 00ff d049 | 8be4 4c8b | 3c24 4c8b | 7424 084c | 8b6c 2410 
  0x000001a58ff6d480: 4c8b 6424 | 184c 8b5c | 2420 4c8b | 5424 284c | 8b4c 2430 | 4c8b 4424 | 3848 8b7c | 2440 488b 
  0x000001a58ff6d4a0: 7424 4848 | 8b6c 2450 | 488b 5c24 | 6048 8b54 | 2468 488b | 4c24 7048 | 8b44 2478 | 4881 c480 
  0x000001a58ff6d4c0: 0000 004d | 33e4 488b | 5de8 4c8b | 6b08 4d8d | 6d38 4983 | 7f08 000f | 84bb 0000 | 00e8 0500 
  0x000001a58ff6d4e0: 0000 e996 | 0000 0048 | 8d44 2408 | 4c89 6dc0 | 498b cfc5 | f877 4989 | af38 0400 | 0049 8987 
  0x000001a58ff6d500: 2804 0000 | 4883 ec20 | 40f6 c40f | 0f84 1900 | 0000 4883 | ec08 48b8 | 7079 9b23 | f97f 0000 
  0x000001a58ff6d520: ffd0 4883 | c408 e90c | 0000 0048 | b870 799b | 23f9 7f00 | 00ff d048 | 83c4 2049 | c787 2804 
  0x000001a58ff6d540: 0000 0000 | 0000 49c7 | 8738 0400 | 0000 0000 | 0049 c787 | 3004 0000 | 0000 0000 | c5f8 7749 
  0x000001a58ff6d560: 837f 0800 | 0f84 0500 | 0000 e971 | 3cff ff4c | 8b6d c04c | 8b75 c84e | 8d74 f500 | c348 b970 
  0x000001a58ff6d580: 0008 24f9 | 7f00 0048 | 83e4 f048 | b870 90c2 | 23f9 7f00 | 00ff d0f4 | 440f b75b | 2c41 f6c3 
  0x000001a58ff6d5a0: 200f 8472 | 0100 0048 | 8d55 a84c | 8b5a 084d | 85db 0f85 | bb00 0000 | e805 0000 | 00e9 9600 
  0x000001a58ff6d5c0: 0000 488d | 4424 084c | 896d c049 | 8bcf c5f8 | 7749 89af | 3804 0000 | 4989 8728 | 0400 0048 
  0x000001a58ff6d5e0: 83ec 2040 | f6c4 0f0f | 8419 0000 | 0048 83ec | 0848 b8a0 | 789b 23f9 | 7f00 00ff | d048 83c4 
  0x000001a58ff6d600: 08e9 0c00 | 0000 48b8 | a078 9b23 | f97f 0000 | ffd0 4883 | c420 49c7 | 8728 0400 | 0000 0000 
  0x000001a58ff6d620: 0049 c787 | 3804 0000 | 0000 0000 | 49c7 8730 | 0400 0000 | 0000 00c5 | f877 4983 | 7f08 000f 
  0x000001a58ff6d640: 8405 0000 | 00e9 963b | ffff 4c8b | 6dc0 4c8b | 75c8 4e8d | 74f5 00c3 | 48b9 7000 | 0824 f97f 
  0x000001a58ff6d660: 0000 4883 | e4f0 48b8 | 7090 c223 | f97f 0000 | ffd0 f44c | 896d c04c | 8b4a 0848 | c742 0800 
  0x000001a58ff6d680: 0000 0045 | 8b87 d806 | 0000 4f3b | 4c07 f80f | 8542 0000 | 0041 83af | d806 0000 | 084f 3b4c 
  0x000001a58ff6d6a0: 07f0 0f84 | 2a00 0000 | 498b 01a8 | 020f 8512 | 0000 004c | 8bc0 4983 | c801 f04d | 0fb1 010f 
  0x000001a58ff6d6c0: 840d 0000 | 0041 8387 | d806 0000 | 08e9 0500 | 0000 e93e | 0000 004c | 894a 0848 | 8bca 4883 
  0x000001a58ff6d6e0: ec20 40f6 | c40f 0f84 | 1900 0000 | 4883 ec08 | 48b8 f04a | 9b23 f97f | 0000 ffd0 | 4883 c408 
  0x000001a58ff6d700: e90c 0000 | 0048 b8f0 | 4a9b 23f9 | 7f00 00ff | d048 83c4 | 204c 8b6d | c041 c687 | 9603 0000 
  0x000001a58ff6d720: 0149 3b6f | 280f 8705 | 0000 00e9 | ab00 0000 | 4883 ec10 | c5fb 1104 | 2448 83ec | 1048 8904 
  0x000001a58ff6d740: 2448 c744 | 2408 0000 | 0000 c5f8 | 7749 89af | 3804 0000 | 49ba 4ad7 | f68f a501 | 0000 4d89 
  0x000001a58ff6d760: 9730 0400 | 0049 89a7 | 2804 0000 | 498b cf48 | 83ec 2040 | f6c4 0f0f | 8419 0000 | 0048 83ec 
  0x000001a58ff6d780: 0848 b890 | 319b 23f9 | 7f00 00ff | d048 83c4 | 08e9 0c00 | 0000 48b8 | 9031 9b23 | f97f 0000 
  0x000001a58ff6d7a0: ffd0 4883 | c420 49c7 | 8728 0400 | 0000 0000 | 0049 c787 | 3804 0000 | 0000 0000 | 49c7 8730 
  0x000001a58ff6d7c0: 0400 0000 | 0000 00c5 | f877 488b | 0424 4883 | c410 c5fb | 1004 2448 | 83c4 1048 | 8b04 2448 
  0x000001a58ff6d7e0: 83c4 10c5 | fb10 0424 | 4883 c410 | 4c8b 5d18 | 41ff d34c | 8b5d f8c9 | 41c6 8796 | 0300 0000 
  0x000001a58ff6d800: 5f49 8be3 | ffe7 ba00 | 0000 00e8 | 0500 0000 | e996 0000 | 0048 8d44 | 2408 4c89 | 6dc0 498b 
  0x000001a58ff6d820: cfc5 f877 | 4989 af38 | 0400 0049 | 8987 2804 | 0000 4883 | ec20 40f6 | c40f 0f84 | 1900 0000 
  0x000001a58ff6d840: 4883 ec08 | 48b8 e040 | 9b23 f97f | 0000 ffd0 | 4883 c408 | e90c 0000 | 0048 b8e0 | 409b 23f9 
  0x000001a58ff6d860: 7f00 00ff | d048 83c4 | 2049 c787 | 2804 0000 | 0000 0000 | 49c7 8738 | 0400 0000 | 0000 0049 
  0x000001a58ff6d880: c787 3004 | 0000 0000 | 0000 c5f8 | 7749 837f | 0800 0f84 | 0500 0000 | e943 39ff | ff4c 8b6d 
  0x000001a58ff6d8a0: c04c 8b75 | c84e 8d74 | f500 c348 | 8b5d e8e9 | 74f6 ffff | 0f1f 4000 
[/MachCode]

Compiled method (c2) 496002 3174   !   4       java.awt.EventDispatchThread::pumpOneEventForFilters (106 bytes)
 total in heap  [0x000001a5905ea508,0x000001a5905ec758] = 8784
 main code      [0x000001a5905ea600,0x000001a5905ec698] = 8344
 stub code      [0x000001a5905ec698,0x000001a5905ec738] = 160
 oops           [0x000001a5905ec738,0x000001a5905ec758] = 32
 mutable data [0x000001a59fddf3d0,0x000001a59fddf950] = 1408
 relocation     [0x000001a59fddf3d0,0x000001a59fddf658] = 648
 metadata       [0x000001a59fddf658,0x000001a59fddf950] = 760
 immutable data [0x000001a59fdde0a0,0x000001a59fddf3c8] = 4904
 dependencies   [0x000001a59fdde0a0,0x000001a59fdde180] = 224
 nul chk table  [0x000001a59fdde180,0x000001a59fdde210] = 144
 handler table  [0x000001a59fdde210,0x000001a59fdde360] = 336
 scopes pcs     [0x000001a59fdde360,0x000001a59fdde8d0] = 1392
 scopes data    [0x000001a59fdde8d0,0x000001a59fddf3c8] = 2808

[Constant Pool (empty)]

[MachCode]
[Instructions begin]
  0x000001a5905ea600: 6690 448b | 5208 443b 

  0x000001a5905ea608: ;   {runtime_call Shared Runtime ic_miss_blob}
  0x000001a5905ea608: 5008 0f85 | d044 9cff 
[Verified Entry Point]
  0x000001a5905ea610: 8984 2400 | 80ff ff55 | 4881 ec90 | 0000 0090 | 4181 7f20 | 0100 0000 | 0f85 5b20 | 0000 4c8b 
  0x000001a5905ea630: d241 8bf8 | 4183 f8ff | 0f85 1b13 | 0000 4d8b | 9f10 0400 | 0049 8b2b | 498b f248 | 8d9c 2480 
  0x000001a5905ea650: 0000 004d | 8b1a 418b | 9fd8 0600 | 0041 f6c3 | 020f 8537 | 0000 0081 | fb27 0700 | 000f 8f4b 
  0x000001a5905ea670: 0000 004d | 3b54 1ff8 | 7416 498b | c348 83c8 | 0149 83e3 | fef0 4d0f | b11a 0f85 | 2e00 0000 
  0x000001a5905ea690: 4d89 141f | 4183 87d8 | 0600 0008 | eb1e 4833 | c049 8b9f | c804 0000 | f049 0fb1 | 5b3e 740c 
  0x000001a5905ea6b0: 483b d875 | 0949 ff83 | 8600 0000 | 33c0 0f85 | d811 0000 | 8b5e 7048 | 8d84 2480 | 0000 0041 
  0x000001a5905ea6d0: 8b87 d806 | 0000 4c8b | 1649 3b74 | 07f8 0f85 | 2e00 0000 | 4183 afd8 | 0600 0008 | 493b 7407 
  0x000001a5905ea6f0: f00f 845f | 0000 0049 | 8bc2 4883 | e0fc 4983 | ca01 f04c | 0fb1 160f 

  0x000001a5905ea708: ;   {other}
  0x000001a5905ea708: 856f 1f00 | 00e9 4400 | 0000 4983 | ba86 0000 | 0000 7533 | 49c7 423e | 0000 0000 | f083 4424 
  0x000001a5905ea728: c000 4983 | ba8e 0000 | 0000 7422 | 4983 ba9e | 0000 0000 | 7518 4983 | e2fd 4d89 | 97e8 0500 
  0x000001a5905ea748: 0041 83ca | 01eb 0a49 | ff8a 8600 | 0000 4533 | d20f 8572 | 1100 0085 | db0f 8401 | 1100 0048 
  0x000001a5905ea768: 896c 2430 | 4889 7424 | 2889 7c24 | 204d 8d14 | dc4c 8954 | 2438 895c | 2458 498b 

  0x000001a5905ea784: ;   {optimized virtual_call}
  0x000001a5905ea784: d266 90e8 

  0x000001a5905ea788: ; ImmutableOopMap {[40]=Oop [48]=Oop [56]=Oop [88]=NarrowOop }
                      ;*invokevirtual getNextEvent {reexecute=0 rethrow=0 return_oop=1}
                      ; - java.awt.EventDispatchThread::pumpOneEventForFilters@20 (line 190)
  0x000001a5905ea788: 848c ffff 

  0x000001a5905ea78c: ;   {post_call_nop}
  0x000001a5905ea78c: 0f1f 8400 | 8402 0000 | 4889 4424 | 504c 8b74 | 2428 418b | 4e74 85c9 | 0f84 d610 | 0000 4d8d 
  0x000001a5905ea7ac: 0ccc 488d | 9c24 8000 | 0000 4d8b | 1141 8b9f | d806 0000 | 41f6 c202 | 0f85 3700 | 0000 81fb 
  0x000001a5905ea7cc: 2707 0000 | 0f8f 4b00 | 0000 4d3b | 4c1f f874 | 1649 8bc2 | 4883 c801 | 4983 e2fe | f04d 0fb1 
  0x000001a5905ea7ec: 110f 852e | 0000 004d | 890c 1f41 | 8387 d806 | 0000 08eb | 1e48 33c0 | 498b 9fc8 | 0400 00f0 
  0x000001a5905ea80c: 490f b15a | 3e74 0c48 | 3bd8 7509 | 49ff 8286 | 0000 0033 | c00f 85d2 | 1000 0041 | 8b5e 7441 
  0x000001a5905ea82c: 8b44 dc10 | ffc8 85c0 | 7d26 be01 | 0000 0048 | 8b7c 2450 | e9db 0200 | 0066 6666 | 0f1f 8400 
  0x000001a5905ea84c: 0000 0000 | 418b 5e74 | 418b c248 | 897c 2450 

  0x000001a5905ea85c: ; implicit exception: dispatches to 0x000001a5905ebf04
  0x000001a5905ea85c: 458b 5cdc | 1045 85db | 0f8c c60f | 0000 413b | c30f 835a | 0f00 0045 | 8b5c dc14 | 448b d047 
  0x000001a5905ea87c: 8b44 dc0c | 453b d00f | 837b 0f00 

  0x000001a5905ea888: ;   {other}
  0x000001a5905ea888: 0049 c1e3 | 0347 8b44 | 9310 478b 

  0x000001a5905ea894: ;   {metadata('java/awt/EventDispatchThread$HierarchyEventFilter')}
  0x000001a5905ea894: 5cc4 0841 | 81fb a8d1 | 1401 747a 

  0x000001a5905ea8a0: ;   {metadata('java/awt/ModalEventFilter$ApplicationModalEventFilter')}
  0x000001a5905ea8a0: 4181 fb08 | 9a1e 0174 

  0x000001a5905ea8a8: ;   {metadata('java/awt/EventFilter')}
  0x000001a5905ea8a8: 7148 b8a0 | cf14 2600 | 0000 00be | 0000 0025 | 4903 f34c | 8b5e 204c | 3bd8 7456 | 458b ea4d 
  0x000001a5905ea8c8: 8bd1 448b | c948 33ff | 4c8b 9ea8 | 0000 0049 | 8bd3 48c1 | e204 0f89 | 2100 0000 | f348 0fb8 
  0x000001a5905ea8e8: d248 8b5e | 2848 3b04 | d374 1549 | 0fba e33c | 730b 49c1 

  0x000001a5905ea8fc: ;   {runtime_call Stub::lookup_secondary_supers_table_slow_path}
  0x000001a5905ea8fc: cb3b e800 | 9b9a ffeb | 0348 ffc7 | 4885 ff0f | 8513 1400 | 0041 8bc9 | 4d8b ca45 | 8bd5 4f8d 
  0x000001a5905ea91c: 1cc4 418b 

  0x000001a5905ea920: ;   {metadata('java/awt/EventDispatchThread$HierarchyEventFilter')}
  0x000001a5905ea920: 5b08 81fb | a8d1 1401 | 0f84 ca01 

  0x000001a5905ea92c: ;   {metadata('java/awt/ModalEventFilter$ApplicationModalEventFilter')}
  0x000001a5905ea92c: 0000 81fb | 089a 1e01 | 0f85 3611 | 0000 410f | b66b 0c85 | ed0f 8571 | 1200 0041 | 8b5b 1041 
  0x000001a5905ea94c: 0fb6 6cdc | 3185 ed0f | 847f 1200 | 0048 8b7c | 2450 8b6f | 148d 9d0c | feff ff83 | fb08 0f83 
  0x000001a5905ea96c: 4201 0000 | 448b 470c 

  0x000001a5905ea974: ; implicit exception: dispatches to 0x000001a5905ec080
  0x000001a5905ea974: 438b 5cc4 | 08be 0000 | 0025 4803 

  0x000001a5905ea980: ;   {metadata('javax/swing/JDialog')}
  0x000001a5905ea980: f381 fb88 | 371e 010f | 848c 0000 

  0x000001a5905ea98c: ;   {metadata('SmartParkGUI')}
  0x000001a5905ea98c: 0081 fb00 | 2004 010f | 8480 0000 | 0048 8b5e 

  0x000001a5905ea99c: ;   {metadata('sun/awt/ModalExclude')}
  0x000001a5905ea99c: 2048 b8d0 | ca1c 2600 | 0000 0048 | 3bd8 0f84 | 4d13 0000 | c4c1 f96e | cbc4 c179 | 6ec2 498b 
  0x000001a5905ea9bc: e944 8be9 | 4833 ff4c | 8b9e a800 | 0000 498b | d348 c1e2 | 0d0f 8921 | 0000 00f3 | 480f b8d2 
  0x000001a5905ea9dc: 488b 5e28 | 483b 04d3 | 7415 490f | bae3 3373 | 0b49 c1cb 

  0x000001a5905ea9f0: ;   {runtime_call Stub::lookup_secondary_supers_table_slow_path}
  0x000001a5905ea9f0: 32e8 0d9a | 9aff eb03 | 48ff c748 | 85ff 0f84 | ec12 0000 | 488b 7c24 | 5041 8bcd | 4c8b cdc4 
  0x000001a5905eaa10: c179 7ec2 | c4c1 f97e | cb48 8b5e 

  0x000001a5905eaa1c: ;   {metadata('java/awt/Component')}
  0x000001a5905eaa1c: 3848 ba18 | 1700 2600 | 0000 0048 | 3bda 0f85 | c811 0000 | 4b8d 2cc4 

  0x000001a5905eaa34: ;   {metadata('java/awt/Window')}
  0x000001a5905eaa34: 49b8 402f | 0026 0000 | 0000 8b5d | 08ba 0000 | 0025 4803 | d348 8b5a | 4849 3bd8 | 0f85 ca11 
  0x000001a5905eaa54: 0000 4c89 | 5c24 6044 | 8954 2424 | 4c89 4c24 | 5089 4c24 | 4848 897c | 2440 4c89 

  0x000001a5905eaa70: ;   {oop(a 'java/awt/Dialog$ModalExclusionType'{0x000000071178f920})}
  0x000001a5905eaa70: 7424 2849 | b820 f978 | 1107 0000 | 0048 8bd5 

  0x000001a5905eaa80: ;   {optimized virtual_call}
  0x000001a5905eaa80: 6666 90e8 

  0x000001a5905eaa84: ; ImmutableOopMap {rbp=Oop [40]=Oop [48]=Oop [56]=Oop [64]=Oop [72]=NarrowOop [80]=Oop [88]=NarrowOop [96]=Oop }
                      ;*invokevirtual isModalExcluded {reexecute=0 rethrow=0 return_oop=0}
                      ; - java.awt.ModalEventFilter$ApplicationModalEventFilter::acceptWindow@4 (line 166)
                      ; - java.awt.ModalEventFilter::acceptEvent@123 (line 66)
                      ; - java.awt.EventDispatchThread::filterAndCheckEvent@42 (line 169)
                      ; - java.awt.EventDispatchThread::pumpOneEventForFilters@35 (line 192)
  0x000001a5905eaa84: 5843 9cff 

  0x000001a5905eaa88: ;   {post_call_nop}
  0x000001a5905eaa88: 0f1f 8400 | 8005 0001 | 85c0 0f84 | 4107 0000 | 4c8b 7424 | 2848 8b7c | 2440 8b4c | 2448 4c8b 
  0x000001a5905eaaa8: 4c24 5044 | 8b54 2424 | eb57 81fd | e903 0000 | 0f84 0212 | 0000 81fd | c900 0000 | 7543 ba45 
  0x000001a5905eaac8: ffff ff4c | 8974 2430 | 4489 5424 | 404c 895c | 2448 448b | 5424 5844 | 8954 2444 | 894c 245c 
  0x000001a5905eaae8: ;   {runtime_call UncommonTrapBlob}
  0x000001a5905eaae8: 6666 90e8 

  0x000001a5905eaaec: ; ImmutableOopMap {[48]=Oop [68]=NarrowOop [72]=Oop [80]=Oop [92]=NarrowOop }
                      ;*if_icmpne {reexecute=1 rethrow=0 return_oop=0}
                      ; - (reexecute) java.awt.ModalEventFilter::acceptEvent@58 (line 50)
                      ; - java.awt.EventDispatchThread::filterAndCheckEvent@42 (line 169)
                      ; - java.awt.EventDispatchThread::pumpOneEventForFilters@35 (line 192)
  0x000001a5905eaaec: f06a a9ff 

  0x000001a5905eaaf0: ;   {post_call_nop}
  0x000001a5905eaaf0: 0f1f 8400 | e805 0002 | 418b 6b0c | 85ed 0f85 | a00f 0000 | 488b 7c24 | 5049 8b57 

  0x000001a5905eab0c: ; ImmutableOopMap {r9=Oop rcx=NarrowOop rdi=Oop r14=Oop [48]=Oop [56]=Oop [88]=NarrowOop }
                      ;*goto {reexecute=1 rethrow=0 return_oop=0}
                      ; - (reexecute) java.awt.EventDispatchThread::filterAndCheckEvent@76 (line 167)
                      ; - java.awt.EventDispatchThread::pumpOneEventForFilters@35 (line 192)
  0x000001a5905eab0c: 3041 ffca 

  0x000001a5905eab10: ;   {poll}
  0x000001a5905eab10: 8502 4585 | d20f 8d35 | fdff ffbe | 0100 0000 | 488d 8424 | 8000 0000 | 418b 87d8 | 0600 004d 
  0x000001a5905eab30: 8b11 4d3b | 4c07 f80f | 852e 0000 | 0041 83af | d806 0000 | 084d 3b4c | 07f0 0f84 | 5f00 0000 
  0x000001a5905eab50: 498b c248 | 83e0 fc49 | 83ca 01f0 | 4d0f b111 | 0f85 091b | 0000 e944 | 0000 0049 | 83ba 8600 
  0x000001a5905eab70: 0000 0075 | 3349 c742 | 3e00 0000 | 00f0 8344 | 24c0 0049 | 83ba 8e00 | 0000 0074 | 2249 83ba 
  0x000001a5905eab90: 9e00 0000 | 0075 1849 | 83e2 fd4d | 8997 e805 | 0000 4183 | ca01 eb0a | 49ff 8a86 | 0000 0045 
  0x000001a5905eabb0: 33d2 0f85 | 790d 0000 | 85f6 0f84 | 5106 0000 

  0x000001a5905eabc0: ;   {oop(a 'java/lang/Class'{0x000000071178f7a8} = 'sun/awt/dnd/SunDragSourceContextPeer')}
  0x000001a5905eabc0: 49ba a8f7 | 7811 0700 | 0000 410f | b6aa 9100 | 0000 85ed | 0f85 fa0e | 0000 41bb | 0100 0000 
  0x000001a5905eabe0: ; ImmutableOopMap {rdi=Oop r14=Oop [48]=Oop [56]=Oop [88]=NarrowOop }
                      ;*ifeq {reexecute=1 rethrow=0 return_oop=0}
                      ; - (reexecute) java.awt.EventDispatchThread::pumpOneEventForFilters@48 (line 197)
  0x000001a5905eabe0: 4d8b 5730 

  0x000001a5905eabe4: ;   {poll}
  0x000001a5905eabe4: 4185 0245 | 85db 0f84 | 4206 0000 

  0x000001a5905eabf0: ;   {oop(a 'sun/util/logging/PlatformLogger'{0x000000071173f5d0})}
  0x000001a5905eabf0: 49ba d0f5 | 7311 0700 | 0000 418b | 6a0c 458b 

  0x000001a5905eac00: ;   {metadata('jdk/internal/logger/LazyLoggers$JdkLazyLogger')}
  0x000001a5905eac00: 54ec 0841 | 81fa 8811 | 0101 0f85 | 640d 0000 | 4d8d 2cec | 418b 6d0c 

  0x000001a5905eac18: ; implicit exception: dispatches to 0x000001a5905ebfac
  0x000001a5905eac18: 458b 5cec 

  0x000001a5905eac1c: ;   {metadata('jdk/internal/logger/LazyLoggers$LazyLoggerAccessor')}
  0x000001a5905eac1c: 0841 81fb | a817 0101 | 0f85 660d | 0000 498d | 34ec 448b | 5620 4585 | d20f 8408 | 0600 0049 
  0x000001a5905eac3c: c1e2 0345 

  0x000001a5905eac40: ;   {metadata('jdk/internal/logger/SurrogateLogger')}
  0x000001a5905eac40: 8b5a 0841 | 81fb 583a | 0301 0f85 | 640d 0000 | 418b 6a14 | 85ed 0f85 | f00d 0000 

  0x000001a5905eac5c: ; implicit exception: dispatches to 0x000001a5905ebfc8
  0x000001a5905eac5c: 448b 4f0c | 448b 4424 | 5843 8b6c | c44c 85ed | 0f85 620d | 0000 c647 | 1a01 448b | 6f08 be00 
  0x000001a5905eac7c: 0000 2549 | 03f5 4c8b 

  0x000001a5905eac84: ;   {metadata('java/awt/event/InvocationEvent')}
  0x000001a5905eac84: 5e50 4181 | fdf8 bb14 | 010f 840d 

  0x000001a5905eac90: ;   {metadata('java/awt/event/MouseEvent')}
  0x000001a5905eac90: 0100 0041 | 81fd 60f7 | 1401 746e | 4c8b 5620 

  0x000001a5905eaca0: ;   {metadata('java/awt/ActiveEvent')}
  0x000001a5905eaca0: 48b8 f0b9 | 1426 0000 | 0000 4c3b | d00f 84ed | 0000 0049 | 8beb 4c8b | d748 33ff | 4c8b 9ea8 
  0x000001a5905eacc0: 0000 0049 | 8bd3 48c1 | e230 0f89 | 2100 0000 | f348 0fb8 | d248 8b5e | 2848 3b04 | d374 1549 
  0x000001a5905eace0: 0fba e310 | 730b 49c1 

  0x000001a5905eace8: ;   {runtime_call Stub::lookup_secondary_supers_table_slow_path}
  0x000001a5905eace8: cb0f e814 | 979a ffeb | 0348 ffc7 | 4885 ff75 | 0b49 8bfa | 4c8b dde9 | 9c00 0000 | 498b fa4c 
  0x000001a5905ead08: 8bdd 438b | 4ccc 0841 | ba00 0000 | 254c 03d1 | 4d8b 5238 

  0x000001a5905ead1c: ;   {metadata('java/awt/Component')}
  0x000001a5905ead1c: 48b9 1817 | 0026 0000 | 0000 4c3b | d10f 851d | 0f00 0049 | 8beb 4889 | 7c24 204c | 8974 2428 
  0x000001a5905ead3c: 4b8d 14cc | 4c8b c766 | 9048 b8d0 | 76d2 9ea5 

  0x000001a5905ead4c: ;   {virtual_call}
  0x000001a5905ead4c: 0100 00e8 

  0x000001a5905ead50: ; ImmutableOopMap {[32]=Oop [40]=Oop }
                      ;*invokevirtual dispatchEventImpl {reexecute=0 rethrow=0 return_oop=0}
                      ; - java.awt.Component::dispatchEvent@2 (line 4790)
                      ; - java.awt.EventQueue::dispatchEventImpl@41 (line 725)
                      ; - java.awt.EventQueue::dispatchEvent@22 (line 702)
                      ; - java.awt.EventDispatchThread::pumpOneEventForFilters@81 (line 203)
  0x000001a5905ead50: 8c43 9cff 

  0x000001a5905ead54: ;   {post_call_nop}
  0x000001a5905ead54: 0f1f 8400 | 4c08 0005 

  0x000001a5905ead5c: ;   {metadata('java/awt/event/InputEvent')}
  0x000001a5905ead5c: 49ba b047 | 0126 0000 | 0000 493b | ea0f 8515 

  0x000001a5905ead6c: ;   {oop(a 'java/lang/Class'{0x0000000711600758} = 'sun/awt/AWTAccessor')}
  0x000001a5905ead6c: 0300 0049 | ba58 0760 | 1107 0000 | 0045 8b9a | 8c00 0000 

  0x000001a5905ead80: ; implicit exception: dispatches to 0x000001a5905ec0f4
  0x000001a5905ead80: 478b 54dc | 0848 8b6c 

  0x000001a5905ead88: ;   {metadata('java/awt/event/InputEvent$1')}
  0x000001a5905ead88: 2420 4181 | fae8 5201 | 010f 85d5 | 0e00 0044 | 8865 28e9 | e402 0000 | 438b 6cc4 | 2c45 8b4c 
  0x000001a5905eada8: ;   {metadata('java/util/concurrent/locks/ReentrantLock')}
  0x000001a5905eada8: ec08 4181 | f900 881d | 000f 8541 | 0c00 004d | 8d14 ec41 | 8b6a 0c45 | 8b54 ec08 

  0x000001a5905eadc4: ;   {metadata('java/util/concurrent/locks/ReentrantLock$NonfairSync')}
  0x000001a5905eadc4: 4181 fac8 | 082d 000f | 8543 0c00 | 004d 8d0c | ec33 c041 | ba01 0000 | 00f0 450f | b151 1841 
  0x000001a5905eade4: 0f94 c245 | 0fb6 d245 | 85d2 0f84 | 7f03 0000 | 488b 4c24 | 3049 8d59 | 0c41 807f | 4800 0f85 
  0x000001a5905eae04: 4014 0000 | 488b d148 | c1ea 0389 | 134c 8bd3 | 4c33 d149 | c1ea 150f | 841e 0000 | 004c 8bd3 
  0x000001a5905eae24: 49c1 ea09 | 48ba 00a0 | 92f7 a501 | 0000 4c03 | d241 803a | 020f 858e 

  0x000001a5905eae3c: ;   {oop(a 'java/lang/Class'{0x000000071173f4e0} = 'java/awt/EventQueue')}
  0x000001a5905eae3c: 1400 0049 | bae0 f473 | 1107 0000 | 0041 0fb6 | aab0 0000 | 0085 ed0f | 8597 0c00 | 0043 8b6c 
  0x000001a5905eae5c: c434 4c8b | d549 c1e2 | 0349 3bca | 0f85 a60c | 0000 498b | 87c8 0100 | 004c 8bd0 | 4983 c220 
  0x000001a5905eae7c: 4d3b 97d8 | 0100 000f | 8381 0800 | 004d 8997 | c801 0000 | 410f 0d8a | c000 0000 | 48c7 0001 
  0x000001a5905eae9c: ;   {metadata('java/lang/ref/WeakReference')}
  0x000001a5905eae9c: 0000 00c7 | 4008 6873 | 1b00 4489 | 600c 4c89 | 6010 4c89 | 6018 4c89 | 7424 2848 | 894c 2430 
  0x000001a5905eaebc: 4489 4424 | 4048 897c | 2448 4489 | 6c24 4448 | 8974 2450 | 4c89 5c24 | 584c 8b54 | 2448 49c1 
  0x000001a5905eaedc: ea03 4489 

  0x000001a5905eaee0: ;   {oop(a 'java/lang/ref/ReferenceQueue$Null'{0x0000000711601158})}
  0x000001a5905eaee0: 500c 41b8 | 2b02 2ce2 | 4c8d 5010 | 4589 02f0 | 8344 24c0 | 008b 6c24 | 404d 8d4c | ec40 4180 
  0x000001a5905eaf00: 7f48 000f | 854d 1400 | 0048 8bc8 | 48c1 e903 | 4189 0949 | 8bd9 4833 | d848 c1eb | 150f 841d 
  0x000001a5905eaf20: 0000 0049 | 8bd9 48c1 | eb09 48b9 | 00a0 92f7 | a501 0000 | 4803 d980 | 3b02 0f85 | 7b14 0000 
  0x000001a5905eaf40: 4c8b 5424 

  0x000001a5905eaf44: ;   {metadata('java/awt/event/InputEvent')}
  0x000001a5905eaf44: 5849 bbb0 | 4701 2600 | 0000 004d | 3bd3 0f85 | 3f01 0000 | 4c8b 5424 | 484d 8b52 | 2044 8b5c 
  0x000001a5905eaf64: ;   {metadata('java/awt/event/KeyEvent')}
  0x000001a5905eaf64: 2444 4181 | fb80 6205 | 010f 85f6 | 0100 0044 | 8b4c 2440 | 4f89 54cc | 184f 8b5c | cc10 438b 
  0x000001a5905eaf84: 6ccc 2c4d | 3bd3 4d0f | 4cd3 4f89 | 54cc 1045 | 8b5c ec08 

  0x000001a5905eaf98: ;   {metadata('java/util/concurrent/locks/ReentrantLock')}
  0x000001a5905eaf98: 4181 fb00 | 881d 000f | 858b 0a00 | 004d 8d14 | ec41 8b4a | 0c41 8b7c | cc18 418b | 6ccc 0c4c 
  0x000001a5905eafb8: 8bd5 49c1 | e203 4c8b | 5c24 304d | 3bd3 0f85 | 700b 0000 | 83ff 0175 | 164d 33db | 4d8d 4ccc 
  0x000001a5905eafd8: 0c41 807f | 4800 0f85 | 2c14 0000 | 4589 1944 | 8d57 ff45 | 8954 cc18 | f083 4424 | c000 83ff 
  0x000001a5905eaff8: 0175 1845 | 8b54 cc10 | 4585 d274 | 0e47 8b4c | d414 4585 | c90f 85d2 | 0000 0048 | 8b54 2448 
  0x000001a5905eb018: 448b 5a08 

  0x000001a5905eb01c: ;   {metadata('java/awt/event/InvocationEvent')}
  0x000001a5905eb01c: 4181 fbf8 | bb14 010f | 8580 0100 | 0048 8954 | 2430 0fb6 | 6a1d 85ed | 0f85 2a0b | 0000 448b 
  0x000001a5905eb03c: 5228 498b | d248 c1e2 | 0348 b8f8 | 76d2 9ea5 

  0x000001a5905eb04c: ;   {virtual_call}
  0x000001a5905eb04c: 0100 00e8 

  0x000001a5905eb050: ; ImmutableOopMap {[40]=Oop [48]=Oop }
                      ;*invokeinterface run {reexecute=0 rethrow=0 return_oop=0}
                      ; - java.awt.event.InvocationEvent::dispatch@47 (line 323)
                      ; - java.awt.EventQueue::dispatchEventImpl@21 (line 723)
                      ; - java.awt.EventQueue::dispatchEvent@22 (line 702)
                      ; - java.awt.EventDispatchThread::pumpOneEventForFilters@81 (line 203)
  0x000001a5905eb050: a4ac aaff 

  0x000001a5905eb054: ;   {post_call_nop}
  0x000001a5905eb054: 0f1f 8400 | 4c0b 0006 | 4c8b 5424 | 3041 c642 | 1c01 f083 | 4424 c000 | 418b 6a2c | 85ed 0f85 
  0x000001a5905eb074: 080b 0000 | 418b 6a30 | 85ed 0f85 | 180b 0000 | 4881 c490 | 0000 005d 

  0x000001a5905eb08c: ;   {poll_return}
  0x000001a5905eb08c: 493b 6728 | 0f87 c315 | 0000 c344 | 8b54 2444 

  0x000001a5905eb09c: ;   {metadata('java/awt/event/InputMethodEvent')}
  0x000001a5905eb09c: 4181 fa60 | df14 010f | 84e7 0b00 

  0x000001a5905eb0a8: ;   {metadata('java/awt/event/ActionEvent')}
  0x000001a5905eb0a8: 0041 81fa | c0b6 0101 | 0f84 f20b | 0000 4c8b | 5424 504d 

  0x000001a5905eb0bc: ;   {metadata('java/awt/event/InvocationEvent')}
  0x000001a5905eb0bc: 8b52 4849 | bbf8 bb14 | 2600 0000 | 004d 3bd3 | 0f85 f300 | 0000 4c8b | 5424 484d | 8b52 2044 
  0x000001a5905eb0dc: 8b4c 2440 | e998 feff | ff47 8b5c | cc0c 4585 | db0f 8420 | ffff ff43 | 8b44 cc0c | 448b d041 
  0x000001a5905eb0fc: 83e2 fef0 | 470f b154 | cc0c 400f | 94c5 400f | b6ed 85ed | 0f84 360c | 0000 478b | 5ccc 1845 
  0x000001a5905eb11c: 85db 0f84 | effe ffff | 478b 4cdc | 084f 8d04 

  0x000001a5905eb12c: ;   {metadata('java/lang/BaseVirtualThread')}
  0x000001a5905eb12c: dc49 ba80 | 361a 2500 | 0000 0041 | bb00 0000 | 254d 03d9 | 4d8b 5b40 | 4d3b da0f | 85a7 0000 
  0x000001a5905eb14c: ;   {oop(a 'java/lang/System$1'{0x00000007116000a8})}
  0x000001a5905eb14c: 0048 baa8 | 0060 1107 

  0x000001a5905eb154: ;   {optimized virtual_call}
  0x000001a5905eb154: 0000 00e8 

  0x000001a5905eb158: ; ImmutableOopMap {[40]=Oop [72]=Oop }
                      ;*invokeinterface unparkVirtualThread {reexecute=0 rethrow=0 return_oop=0}
                      ; - java.util.concurrent.locks.LockSupport::unpark@15 (line 181)
                      ; - java.util.concurrent.locks.AbstractQueuedSynchronizer::signalNext@30 (line 646)
                      ; - java.util.concurrent.locks.AbstractQueuedSynchronizer::release@12 (line 1100)
                      ; - java.util.concurrent.locks.ReentrantLock::unlock@5 (line 495)
                      ; - java.awt.EventQueue::setCurrentEventAndMostRecentTimeImpl@168 (line 1236)
                      ; - java.awt.EventQueue::dispatchEventImpl@14 (line 722)
                      ; - java.awt.EventQueue::dispatchEvent@22 (line 702)
                      ; - java.awt.EventDispatchThread::pumpOneEventForFilters@81 (line 203)
  0x000001a5905eb158: 843c 9cff 

  0x000001a5905eb15c: ;   {post_call_nop}
  0x000001a5905eb15c: 0f1f 8400 | 540c 0007 | e9aa feff | ff44 8b4c | 2440 e90a | feff ff41 | 8b49 0c4c | 8bd1 49c1 
  0x000001a5905eb17c: e203 488b | 4c24 304c | 3bd1 0f85 | 4202 0000 | 418b 6918 | ffc5 85ed | 0f8c d60b | 0000 4189 
  0x000001a5905eb19c: 6918 f083 | 4424 c000 | e996 fcff | ff48 b820 | 77d2 9ea5 

  0x000001a5905eb1b0: ;   {virtual_call}
  0x000001a5905eb1b0: 0100 00e8 

  0x000001a5905eb1b4: ; ImmutableOopMap {[40]=Oop }
                      ;*invokeinterface dispatch {reexecute=0 rethrow=0 return_oop=0}
                      ; - java.awt.EventQueue::dispatchEventImpl@21 (line 723)
                      ; - java.awt.EventQueue::dispatchEvent@22 (line 702)
                      ; - java.awt.EventDispatchThread::pumpOneEventForFilters@81 (line 203)
  0x000001a5905eb1b4: 283f 9cff 

  0x000001a5905eb1b8: ;   {post_call_nop}
  0x000001a5905eb1b8: 0f1f 8400 | b00c 0008 | e9bf feff | ff49 ba00 | 0000 0000 | 0000 8044 | 8b4c 2440 | e9a4 fdff 
  0x000001a5905eb1d8: ff44 8b55 | 484c 8b44 | 2460 453b | 5014 0f85 | acf8 ffff | 488b d5e9 | 9201 0000 

  0x000001a5905eb1f4: ;   {oop(a 'jdk/internal/misc/Unsafe'{0x0000000711614130})}
  0x000001a5905eb1f4: 48ba 3041 | 6111 0700 

  0x000001a5905eb1fc: ;   {optimized virtual_call}
  0x000001a5905eb1fc: 0000 90e8 

  0x000001a5905eb200: ; ImmutableOopMap {[40]=Oop [72]=Oop }
                      ;*invokevirtual unpark {reexecute=0 rethrow=0 return_oop=0}
                      ; - java.util.concurrent.locks.LockSupport::unpark@27 (line 183)
                      ; - java.util.concurrent.locks.AbstractQueuedSynchronizer::signalNext@30 (line 646)
                      ; - java.util.concurrent.locks.AbstractQueuedSynchronizer::release@12 (line 1100)
                      ; - java.util.concurrent.locks.ReentrantLock::unlock@5 (line 495)
                      ; - java.awt.EventQueue::setCurrentEventAndMostRecentTimeImpl@168 (line 1236)
                      ; - java.awt.EventQueue::dispatchEventImpl@14 (line 722)
                      ; - java.awt.EventQueue::dispatchEvent@22 (line 702)
                      ; - java.awt.EventDispatchThread::pumpOneEventForFilters@81 (line 203)
  0x000001a5905eb200: dc3b 9cff 

  0x000001a5905eb204: ;   {post_call_nop}
  0x000001a5905eb204: 0f1f 8400 | fc0c 0009 | e902 feff | ff44 8b5f 

  0x000001a5905eb214: ;   {metadata('java/awt/event/MouseEvent')}
  0x000001a5905eb214: 0841 81fb | 60f7 1401 | 0f85 720b | 0000 4c8b | d741 c642 | 1801 4533 | dbe9 aef9 | ffff 8b7c 
  0x000001a5905eb234: 2420 4d8b | d648 8b6c | 2430 e905 | f4ff ff48 | 8d9c 2480 | 0000 004c | 8b16 418b | 9fd8 0600 
  0x000001a5905eb254: 0041 f6c2 | 020f 8537 | 0000 0081 | fb27 0700 | 000f 8f4b | 0000 0049 | 3b74 1ff8 | 7416 498b 
  0x000001a5905eb274: c248 83c8 | 0149 83e2 | fef0 4c0f | b116 0f85 | 2e00 0000 | 4989 341f | 4183 87d8 | 0600 0008 
  0x000001a5905eb294: eb1e 4833 | c049 8b9f | c804 0000 | f049 0fb1 | 5a3e 740c | 483b d875 | 0949 ff82 | 8600 0000 
  0x000001a5905eb2b4: 33c0 0f85 | f40a 0000 | 443b 661c | 0f84 7901 | 0000 443b | 6620 0f84 | a103 0000 | 8b6e 2048 
  0x000001a5905eb2d4: 8d84 2480 | 0000 0041 | 8b87 d806 | 0000 4c8b | 1649 3b74 | 07f8 0f85 | 2e00 0000 | 4183 afd8 
  0x000001a5905eb2f4: 0600 0008 | 493b 7407 | f00f 845f | 0000 0049 | 8bc2 4883 | e0fc 4983 | ca01 f04c | 0fb1 160f 
  0x000001a5905eb314: ;   {other}
  0x000001a5905eb314: 8533 1300 | 00e9 4400 | 0000 4983 | ba86 0000 | 0000 7533 | 49c7 423e | 0000 0000 | f083 4424 
  0x000001a5905eb334: c000 4983 | ba8e 0000 | 0000 7422 | 4983 ba9e | 0000 0000 | 7518 4983 | e2fd 4d89 | 97e8 0500 
  0x000001a5905eb354: 0041 83ca | 01eb 0a49 | ff8a 8600 | 0000 4533 | d20f 8588 | 0a00 0085 | ed0f 84ba | 0a00 004c 
  0x000001a5905eb374: 8bd5 49c1 | e203 e9c0 | f8ff ff90 | 488b d04c | 8bc5 458b | 5810 4d8b | d349 c1e2 | 0349 3bd2 
  0x000001a5905eb394: 0f84 8c00 | 0000 498b 

  0x000001a5905eb39c: ;   {optimized virtual_call}
  0x000001a5905eb39c: e866 90e8 

  0x000001a5905eb3a0: ; ImmutableOopMap {rbp=Oop [40]=Oop [48]=Oop [56]=Oop [64]=Oop [72]=NarrowOop [80]=Oop [88]=NarrowOop }
                      ;*invokevirtual getOwner_NoClientCode {reexecute=0 rethrow=0 return_oop=1}
                      ; - java.awt.Window::getOwner@1 (line 1399)
                      ; - java.awt.ModalEventFilter$ApplicationModalEventFilter::acceptWindow@42 (line 174)
                      ; - java.awt.ModalEventFilter::acceptEvent@123 (line 66)
                      ; - java.awt.EventDispatchThread::filterAndCheckEvent@42 (line 169)
                      ; - java.awt.EventDispatchThread::pumpOneEventForFilters@35 (line 192)
  0x000001a5905eb3a0: 3c3a 9cff 

  0x000001a5905eb3a4: ;   {post_call_nop}
  0x000001a5905eb3a4: 0f1f 8400 | 9c0e 000a 

  0x000001a5905eb3ac: ; ImmutableOopMap {rax=Oop rbp=Oop [40]=Oop [48]=Oop [56]=Oop [64]=Oop [72]=NarrowOop [80]=Oop [88]=NarrowOop }
                      ;*goto {reexecute=1 rethrow=0 return_oop=0}
                      ; - (reexecute) java.awt.ModalEventFilter$ApplicationModalEventFilter::acceptWindow@46 (line 174)
                      ; - java.awt.ModalEventFilter::acceptEvent@123 (line 66)
                      ; - java.awt.EventDispatchThread::filterAndCheckEvent@42 (line 169)
                      ; - java.awt.EventDispatchThread::pumpOneEventForFilters@35 (line 192)
  0x000001a5905eb3ac: 4d8b 5730 

  0x000001a5905eb3b0: ;   {poll}
  0x000001a5905eb3b0: 4185 0248 | 85c0 75c8 | 33f6 4c8b | 7424 2848 | 8b7c 2440 | 4c8b 4c24 | 50e9 52f7 | ffff 4c89 
  0x000001a5905eb3d0: 5c24 4848 | 8974 2440 | 4489 6c24 | 2448 897c | 2430 488b | e94c 8974 | 2428 498b | d141 b801 
  0x000001a5905eb3f0: ;   {optimized virtual_call}
  0x000001a5905eb3f0: 0000 00e8 

  0x000001a5905eb3f4: ; ImmutableOopMap {rbp=Oop [40]=Oop [48]=Oop [56]=Oop [88]=NarrowOop }
                      ;*invokevirtual acquire {reexecute=0 rethrow=0 return_oop=0}
                      ; - java.util.concurrent.locks.ReentrantLock$Sync::lock@9 (line 154)
                      ; - java.util.concurrent.locks.ReentrantLock::lock@4 (line 323)
                      ; - java.awt.EventQueue::setCurrentEventAndMostRecentTimeImpl@4 (line 1201)
                      ; - java.awt.EventQueue::dispatchEventImpl@14 (line 722)
                      ; - java.awt.EventQueue::dispatchEvent@22 (line 702)
                      ; - java.awt.EventDispatchThread::pumpOneEventForFilters@81 (line 203)
  0x000001a5905eb3f4: e839 9cff 

  0x000001a5905eb3f8: ;   {post_call_nop}
  0x000001a5905eb3f8: 0f1f 8400 | f00e 000c | 4c8b 7424 | 2848 8bcd | 448b 4424 | 5848 8b7c | 2430 448b | 6c24 2448 
  0x000001a5905eb418: 8b74 2440 | 4c8b 5c24 | 48e9 19fa | ffff be01 | 0000 004c | 8b74 2428 | 488b 7c24 | 404c 8b4c 
  0x000001a5905eb438: 2450 e9e1 | f6ff ff48 | 8d84 2480 | 0000 0041 | 8b87 d806 | 0000 4c8b | 1649 3b74 | 07f8 0f85 
  0x000001a5905eb458: 2e00 0000 | 4183 afd8 | 0600 0008 | 493b 7407 | f00f 845f | 0000 0049 | 8bc2 4883 | e0fc 4983 
  0x000001a5905eb478: ca01 f04c | 0fb1 160f | 85ba 1100 | 00e9 4400 | 0000 4983 | ba86 0000 | 0000 7533 | 49c7 423e 
  0x000001a5905eb498: 0000 0000 | f083 4424 | c000 4983 | ba8e 0000 | 0000 7422 | 4983 ba9e | 0000 0000 | 7518 4983 
  0x000001a5905eb4b8: e2fd 4d89 | 97e8 0500 | 0041 83ca | 01eb 0a49 | ff8a 8600 | 0000 4533 | d20f 8579 | 0900 008b 
  0x000001a5905eb4d8: 6e14 85ed | 0f85 9609 | 0000 488b | ee4c 896c | 2448 4889 | 7c24 404c | 8974 2428 

  0x000001a5905eb4f4: ;   {other}
  0x000001a5905eb4f4: 4533 c048 

  0x000001a5905eb4f8: ;   {static_call}
  0x000001a5905eb4f8: 8bd6 90e8 

  0x000001a5905eb4fc: ; ImmutableOopMap {rbp=Oop [40]=Oop [48]=Oop [56]=Oop [64]=Oop [72]=Oop [88]=NarrowOop }
                      ;*invokestatic getLogger {reexecute=0 rethrow=0 return_oop=1}
                      ; - jdk.internal.logger.LazyLoggers$LazyLoggerAccessor::platform@62 (line 206)
                      ; - jdk.internal.logger.LazyLoggers$LazyLoggerWrapper::platformProxy@4 (line 332)
                      ; - jdk.internal.logger.AbstractLoggerWrapper::isLoggable@1 (line 122)
                      ; - sun.util.logging.PlatformLogger::isLoggable@17 (line 340)
                      ; - java.awt.EventDispatchThread::pumpOneEventForFilters@57 (line 199)
  0x000001a5905eb4fc: e03e 9cff 

  0x000001a5905eb500: ;   {post_call_nop}
  0x000001a5905eb500: 0f1f 8400 | f80f 000d | 4889 4424 | 204c 8bdd | 488d 9c24 | 8000 0000 | 4d8b 1341 | 8b9f d806 
  0x000001a5905eb520: 0000 41f6 | c202 0f85 | 3700 0000 | 81fb 2707 | 0000 0f8f | 4b00 0000 | 4d3b 5c1f | f874 1649 
  0x000001a5905eb540: 8bc2 4883 | c801 4983 | e2fe f04d | 0fb1 130f | 852e 0000 | 004d 891c | 1f41 8387 | d806 0000 
  0x000001a5905eb560: 08eb 1e48 | 33c0 498b | 9fc8 0400 | 00f0 490f | b15a 3e74 | 0c48 3bd8 | 7509 49ff | 8286 0000 
  0x000001a5905eb580: 0033 c00f | 8517 0900 | 004c 895c | 2450 498b | d34c 8b44 | 2420 488b 

  0x000001a5905eb598: ;   {optimized virtual_call}
  0x000001a5905eb598: 6c24 28e8 

  0x000001a5905eb59c: ; ImmutableOopMap {rbp=Oop [40]=Oop [48]=Oop [56]=Oop [64]=Oop [72]=Oop [80]=Oop [88]=NarrowOop }
                      ;*invokevirtual setWrappedIfNotSet {reexecute=0 rethrow=0 return_oop=0}
                      ; - jdk.internal.logger.LazyLoggers$LazyLoggerAccessor::platform@72 (line 209)
                      ; - jdk.internal.logger.LazyLoggers$LazyLoggerWrapper::platformProxy@4 (line 332)
                      ; - jdk.internal.logger.AbstractLoggerWrapper::isLoggable@1 (line 122)
                      ; - sun.util.logging.PlatformLogger::isLoggable@17 (line 340)
                      ; - java.awt.EventDispatchThread::pumpOneEventForFilters@57 (line 199)
  0x000001a5905eb59c: 4038 9cff 

  0x000001a5905eb5a0: ;   {post_call_nop}
  0x000001a5905eb5a0: 0f1f 8400 | 9810 000e | 4c8b 4c24 | 5045 3b61 | 200f 849a | 0100 0041 | 8b69 2048 | 8d84 2480 
  0x000001a5905eb5c0: 0000 0041 | 8b87 d806 | 0000 4d8b | 114d 3b4c | 07f8 0f85 | 2e00 0000 | 4183 afd8 | 0600 0008 
  0x000001a5905eb5e0: 4d3b 4c07 | f00f 845f | 0000 0049 | 8bc2 4883 | e0fc 4983 | ca01 f04d | 0fb1 110f | 8531 1000 
  0x000001a5905eb600: 00e9 4400 | 0000 4983 | ba86 0000 | 0000 7533 | 49c7 423e | 0000 0000 | f083 4424 | c000 4983 
  0x000001a5905eb620: ba8e 0000 | 0000 7422 | 4983 ba9e | 0000 0000 | 7518 4983 | e2fd 4d89 | 97e8 0500 | 0041 83ca 
  0x000001a5905eb640: 01eb 0a49 | ff8a 8600 | 0000 4533 | d20f 856d | 0800 0085 | ed0f 84c3 | 0700 004c | 8bd5 49c1 
  0x000001a5905eb660: e203 4c8b | 7424 2848 | 8b7c 2440 | e9ce f5ff | ff4c 896c | 2428 4889 | 7c24 2049 | 8bee 448b 
  0x000001a5905eb680: 561c 4889 | 7424 4049 | 8bd2 48c1 

  0x000001a5905eb68c: ;   {static_call}
  0x000001a5905eb68c: e203 90e8 

  0x000001a5905eb690: ; ImmutableOopMap {rbp=Oop [32]=Oop [40]=Oop [48]=Oop [56]=Oop [64]=Oop [88]=NarrowOop }
                      ;*invokestatic convert {reexecute=0 rethrow=0 return_oop=1}
                      ; - jdk.internal.logger.LazyLoggers$LazyLoggerAccessor::platform@34 (line 197)
                      ; - jdk.internal.logger.LazyLoggers$LazyLoggerWrapper::platformProxy@4 (line 332)
                      ; - jdk.internal.logger.AbstractLoggerWrapper::isLoggable@1 (line 122)
                      ; - sun.util.logging.PlatformLogger::isLoggable@17 (line 340)
                      ; - java.awt.EventDispatchThread::pumpOneEventForFilters@57 (line 199)
  0x000001a5905eb690: 4c3d 9cff 

  0x000001a5905eb694: ;   {post_call_nop}
  0x000001a5905eb694: 0f1f 8400 | 8c11 000f | 488b 7424 | 404c 8d56 | 2041 807f | 4800 0f85 | dc0d 0000 | 4c8b d849 
  0x000001a5905eb6b4: c1eb 0345 | 891a 4d8b | c24c 33c0 | 49c1 e815 | 0f84 2800 | 0000 4883 | f800 0f84 | 1e00 0000 
  0x000001a5905eb6d4: 4d8b c249 | c1e8 0949 | bb00 a092 | f7a5 0100 | 004d 03c3 | 4180 3802 | 0f85 0c0e | 0000 f083 
  0x000001a5905eb6f4: 4424 c000 | 4c8b f548 | 8b7c 2420 | 4c8b 6c24 | 28e9 c6fb | ffff 4c89 | 5c24 5848 | 8974 2450 
  0x000001a5905eb714: 4489 6c24 | 4448 897c | 2448 4489 | 4424 4048 | 894c 2430 | 4c89 7424 

  0x000001a5905eb72c: ;   {metadata('java/lang/ref/WeakReference')}
  0x000001a5905eb72c: 2848 ba68 | 731b 2500 | 0000 0048 | 8b6c 2438 

  0x000001a5905eb73c: ;   {runtime_call C2 Runtime new_instance}
  0x000001a5905eb73c: 6666 90e8 

  0x000001a5905eb740: ; ImmutableOopMap {rbp=Oop [40]=Oop [48]=Oop [64]=NarrowOop [72]=Oop }
                      ;*new {reexecute=0 rethrow=0 return_oop=1}
                      ; - java.awt.EventQueue::setCurrentEventAndMostRecentTimeImpl@36 (line 1207)
                      ; - java.awt.EventQueue::dispatchEventImpl@14 (line 722)
                      ; - java.awt.EventQueue::dispatchEvent@22 (line 702)
                      ; - java.awt.EventDispatchThread::pumpOneEventForFilters@81 (line 203)
  0x000001a5905eb740: 9ca9 a9ff 

  0x000001a5905eb744: ;   {post_call_nop}
  0x000001a5905eb744: 0f1f 8400 | 3c12 0010 | e984 f7ff | ff45 8b51 | 1c49 8bd2 | 48c1 e203 

  0x000001a5905eb75c: ;   {static_call}
  0x000001a5905eb75c: 6666 90e8 

  0x000001a5905eb760: ; ImmutableOopMap {rbp=Oop [40]=Oop [48]=Oop [56]=Oop [64]=Oop [72]=Oop [80]=Oop [88]=NarrowOop }
                      ;*invokestatic convert {reexecute=0 rethrow=0 return_oop=1}
                      ; - jdk.internal.logger.LazyLoggers$LazyLoggerAccessor::platform@87 (line 210)
                      ; - jdk.internal.logger.LazyLoggers$LazyLoggerWrapper::platformProxy@4 (line 332)
                      ; - jdk.internal.logger.AbstractLoggerWrapper::isLoggable@1 (line 122)
                      ; - sun.util.logging.PlatformLogger::isLoggable@17 (line 340)
                      ; - java.awt.EventDispatchThread::pumpOneEventForFilters@57 (line 199)
  0x000001a5905eb760: 7c3c 9cff 

  0x000001a5905eb764: ;   {post_call_nop}
  0x000001a5905eb764: 0f1f 8400 | 5c12 0011 | 4c8b 4c24 | 504d 8d41 | 2041 807f | 4800 0f85 | df0d 0000 | 4c8b d849 
  0x000001a5905eb784: c1eb 0345 | 8918 4d8b | d04c 33d0 | 49c1 ea15 | 0f84 2800 | 0000 4883 | f800 0f84 | 1e00 0000 
  0x000001a5905eb7a4: 4d8b d049 | c1ea 0949 | bb00 a092 | f7a5 0100 | 004d 03d3 | 4180 3a02 | 0f85 0f0e | 0000 f083 
  0x000001a5905eb7c4: 4424 c000 | e9ea fdff | ffba e4ff | ffff 4c8b | 5424 504c | 8974 2428 | 4c89 5424 | 3089 5c24 
  0x000001a5905eb7e4: 3c89 4424 | 4089 4424 | 4444 895c | 2448 894c 

  0x000001a5905eb7f4: ;   {runtime_call UncommonTrapBlob}
  0x000001a5905eb7f4: 2454 90e8 

  0x000001a5905eb7f8: ; ImmutableOopMap {[40]=Oop [48]=Oop [60]=NarrowOop [84]=NarrowOop [88]=NarrowOop }
                      ;*invokestatic checkIndex {reexecute=0 rethrow=0 return_oop=0}
                      ; - java.util.Objects::checkIndex@3 (line 365)
                      ; - java.util.ArrayList::get@5 (line 428)
                      ; - java.awt.EventDispatchThread::filterAndCheckEvent@31 (line 168)
                      ; - java.awt.EventDispatchThread::pumpOneEventForFilters@35 (line 192)
  0x000001a5905eb7f8: e45d a9ff 

  0x000001a5905eb7fc: ;   {post_call_nop}
  0x000001a5905eb7fc: 0f1f 8400 | f412 0012 | bae4 ffff | ff4c 8974 | 2428 8944 | 2438 4489 | 5c24 3c44 | 8954 2440 
  0x000001a5905eb81c: 894c 244c 

  0x000001a5905eb820: ;   {runtime_call UncommonTrapBlob}
  0x000001a5905eb820: 6666 90e8 

  0x000001a5905eb824: ; ImmutableOopMap {[40]=Oop [60]=NarrowOop [76]=NarrowOop [80]=Oop [88]=NarrowOop }
                      ;*aaload {reexecute=0 rethrow=0 return_oop=0}
                      ; - java.util.ArrayList::elementData@5 (line 412)
                      ; - java.util.ArrayList::get@11 (line 429)
                      ; - java.awt.EventDispatchThread::filterAndCheckEvent@31 (line 168)
                      ; - java.awt.EventDispatchThread::pumpOneEventForFilters@35 (line 192)
  0x000001a5905eb824: b85d a9ff 

  0x000001a5905eb828: ;   {post_call_nop}
  0x000001a5905eb828: 0f1f 8400 | 2013 0013 | bacc ffff | ff4c 8b54 | 2450 4c89 | 7424 284c | 8954 2430 | 895c 243c 
  0x000001a5905eb848: 8944 2440 | 8944 2444 | 4489 5c24 | 4889 4c24 

  0x000001a5905eb858: ;   {runtime_call UncommonTrapBlob}
  0x000001a5905eb858: 5466 90e8 

  0x000001a5905eb85c: ; ImmutableOopMap {[40]=Oop [48]=Oop [60]=NarrowOop [84]=NarrowOop [88]=NarrowOop }
                      ;*invokestatic checkIndex {reexecute=0 rethrow=0 return_oop=0}
                      ; - java.util.Objects::checkIndex@3 (line 365)
                      ; - java.util.ArrayList::get@5 (line 428)
                      ; - java.awt.EventDispatchThread::filterAndCheckEvent@31 (line 168)
                      ; - java.awt.EventDispatchThread::pumpOneEventForFilters@35 (line 192)
  0x000001a5905eb85c: 805d a9ff 

  0x000001a5905eb860: ;   {post_call_nop}
  0x000001a5905eb860: 0f1f 8400 | 5813 0014 | baf6 ffff | ff48 8bee 

  0x000001a5905eb870: ;   {runtime_call UncommonTrapBlob}
  0x000001a5905eb870: 6666 90e8 

  0x000001a5905eb874: ; ImmutableOopMap {rbp=Oop }
                      ;*invokevirtual getNextEvent {reexecute=0 rethrow=0 return_oop=0}
                      ; - java.awt.EventDispatchThread::pumpOneEventForFilters@20 (line 190)
  0x000001a5905eb874: 685d a9ff 

  0x000001a5905eb878: ;   {post_call_nop}
  0x000001a5905eb878: 0f1f 8400 | 7013 0015 | baf6 ffff | ff49 8bee | 4889 4424 

  0x000001a5905eb88c: ;   {runtime_call UncommonTrapBlob}
  0x000001a5905eb88c: 3066 90e8 

  0x000001a5905eb890: ; ImmutableOopMap {rbp=Oop [48]=Oop [80]=Oop [88]=NarrowOop }
                      ;*monitorenter {reexecute=0 rethrow=0 return_oop=0}
                      ; - java.awt.EventDispatchThread::filterAndCheckEvent@8 (line 166)
                      ; - java.awt.EventDispatchThread::pumpOneEventForFilters@35 (line 192)
  0x000001a5905eb890: 4c5d a9ff 

  0x000001a5905eb894: ;   {post_call_nop}
  0x000001a5905eb894: 0f1f 8400 | 8c13 0016 | 4889 6c24 | 284c 8954 | 2420 8bef | 498b d24c | 8d84 2480 

  0x000001a5905eb8b0: ;   {runtime_call C2 Runtime complete_monitor_locking}
  0x000001a5905eb8b0: 0000 00e8 

  0x000001a5905eb8b4: ; ImmutableOopMap {[32]=Oop [40]=Oop }
                      ;*synchronization entry
                      ; - java.awt.EventDispatchThread::getEventQueue@-1 (line 222)
                      ; - java.awt.EventDispatchThread::pumpOneEventForFilters@8 (line 188)
  0x000001a5905eb8b4: 2895 a9ff 

  0x000001a5905eb8b8: ;   {post_call_nop}
  0x000001a5905eb8b8: 0f1f 8400 | b013 0017 | 8bfd 488b | 7424 2048 | 8b6c 2428 | e9f3 edff | ff48 8bce | 488d 9424 
  0x000001a5905eb8d8: 8000 0000 

  0x000001a5905eb8dc: ;   {runtime_call}
  0x000001a5905eb8dc: 4d8b c749 | ba80 c3d5 | 23f9 7f00 | 0041 ffd2 

  0x000001a5905eb8ec: ;   {post_call_nop}
  0x000001a5905eb8ec: 0f1f 8400 | 0000 0000 | e966 eeff | ff4c 894c | 2428 894c | 2424 498b | ee49 8bd1 | 4c8d 8424 
  0x000001a5905eb90c: 8000 0000 

  0x000001a5905eb910: ;   {runtime_call C2 Runtime complete_monitor_locking}
  0x000001a5905eb910: 6666 90e8 

  0x000001a5905eb914: ; ImmutableOopMap {rbp=Oop [36]=NarrowOop [40]=Oop [48]=Oop [56]=Oop [80]=Oop [88]=NarrowOop }
                      ;*monitorenter {reexecute=0 rethrow=0 return_oop=0}
                      ; - java.awt.EventDispatchThread::filterAndCheckEvent@8 (line 166)
                      ; - java.awt.EventDispatchThread::pumpOneEventForFilters@35 (line 192)
  0x000001a5905eb914: c894 a9ff 

  0x000001a5905eb918: ;   {post_call_nop}
  0x000001a5905eb918: 0f1f 8400 | 1014 0018 | 4c8b f58b | 4c24 244c | 8b4c 2428 | e9f6 eeff | ff49 8bc9 | 488d 9424 
  0x000001a5905eb938: 8000 0000 

  0x000001a5905eb93c: ;   {runtime_call}
  0x000001a5905eb93c: 4d8b c749 | ba80 c3d5 | 23f9 7f00 | 0041 ffd2 

  0x000001a5905eb94c: ;   {post_call_nop}
  0x000001a5905eb94c: 0f1f 8400 | 0000 0000 | e95f f2ff | ffba 6eff | ffff 498b | ea44 8944 

  0x000001a5905eb964: ;   {runtime_call UncommonTrapBlob}
  0x000001a5905eb964: 2420 90e8 

  0x000001a5905eb968: ; ImmutableOopMap {rbp=Oop }
                      ;*aload_0 {reexecute=0 rethrow=0 return_oop=0}
                      ; - java.awt.EventDispatchThread::pumpOneEventForFilters@7 (line 188)
  0x000001a5905eb968: 745c a9ff 

  0x000001a5905eb96c: ;   {post_call_nop}
  0x000001a5905eb96c: 0f1f 8400 | 6414 0019 | bade ffff | ff4c 8974 | 2420 4889 

  0x000001a5905eb980: ;   {runtime_call UncommonTrapBlob}
  0x000001a5905eb980: 7c24 28e8 

  0x000001a5905eb984: ; ImmutableOopMap {rbp=NarrowOop [32]=Oop [40]=Oop [88]=NarrowOop }
                      ;*invokeinterface isLoggable {reexecute=0 rethrow=0 return_oop=0}
                      ; - sun.util.logging.PlatformLogger::isLoggable@17 (line 340)
                      ; - java.awt.EventDispatchThread::pumpOneEventForFilters@57 (line 199)
  0x000001a5905eb984: 585c a9ff 

  0x000001a5905eb988: ;   {post_call_nop}
  0x000001a5905eb988: 0f1f 8400 | 8014 001a | bade ffff | ff4c 8974 | 2420 4889 | 7c24 284c | 896c 2438 

  0x000001a5905eb9a4: ;   {runtime_call UncommonTrapBlob}
  0x000001a5905eb9a4: 6666 90e8 

  0x000001a5905eb9a8: ; ImmutableOopMap {rbp=NarrowOop [32]=Oop [40]=Oop [56]=Oop [88]=NarrowOop }
                      ;*invokeinterface platform {reexecute=0 rethrow=0 return_oop=0}
                      ; - jdk.internal.logger.LazyLoggers$LazyLoggerWrapper::platformProxy@4 (line 332)
                      ; - jdk.internal.logger.AbstractLoggerWrapper::isLoggable@1 (line 122)
                      ; - sun.util.logging.PlatformLogger::isLoggable@17 (line 340)
                      ; - java.awt.EventDispatchThread::pumpOneEventForFilters@57 (line 199)
  0x000001a5905eb9a8: 345c a9ff 

  0x000001a5905eb9ac: ;   {post_call_nop}
  0x000001a5905eb9ac: 0f1f 8400 | a414 001b | bade ffff | ff49 8bee | 4889 7c24 | 204c 8954 

  0x000001a5905eb9c4: ;   {runtime_call UncommonTrapBlob}
  0x000001a5905eb9c4: 2430 90e8 

  0x000001a5905eb9c8: ; ImmutableOopMap {rbp=Oop [32]=Oop [48]=Oop [88]=NarrowOop }
                      ;*invokeinterface isLoggable {reexecute=0 rethrow=0 return_oop=0}
                      ; - jdk.internal.logger.AbstractLoggerWrapper::isLoggable@20 (line 124)
                      ; - sun.util.logging.PlatformLogger::isLoggable@17 (line 340)
                      ; - java.awt.EventDispatchThread::pumpOneEventForFilters@57 (line 199)
  0x000001a5905eb9c8: 145c a9ff 

  0x000001a5905eb9cc: ;   {post_call_nop}
  0x000001a5905eb9cc: 0f1f 8400 | c414 001c | baec ffff | ff4c 8974 | 2420 4889 | 7c24 2844 | 894c 2434 

  0x000001a5905eb9e8: ;   {runtime_call UncommonTrapBlob}
  0x000001a5905eb9e8: 6666 90e8 

  0x000001a5905eb9ec: ; ImmutableOopMap {rbp=NarrowOop [32]=Oop [40]=Oop [52]=NarrowOop [88]=NarrowOop }
                      ;*ifnull {reexecute=1 rethrow=0 return_oop=0}
                      ; - (reexecute) java.awt.EventQueue::dispatchEvent@9 (line 701)
                      ; - java.awt.EventDispatchThread::pumpOneEventForFilters@81 (line 203)
  0x000001a5905eb9ec: f05b a9ff 

  0x000001a5905eb9f0: ;   {post_call_nop}
  0x000001a5905eb9f0: 0f1f 8400 | e814 001d | bade ffff | ff4c 8974 | 2420 4889 

  0x000001a5905eba04: ;   {runtime_call UncommonTrapBlob}
  0x000001a5905eba04: 7c24 30e8 

  0x000001a5905eba08: ; ImmutableOopMap {rbp=NarrowOop [32]=Oop [48]=Oop [88]=NarrowOop }
                      ;*invokeinterface lock {reexecute=0 rethrow=0 return_oop=0}
                      ; - java.awt.EventQueue::setCurrentEventAndMostRecentTimeImpl@4 (line 1201)
                      ; - java.awt.EventQueue::dispatchEventImpl@14 (line 722)
                      ; - java.awt.EventQueue::dispatchEvent@22 (line 702)
                      ; - java.awt.EventDispatchThread::pumpOneEventForFilters@81 (line 203)
  0x000001a5905eba08: d45b a9ff 

  0x000001a5905eba0c: ;   {post_call_nop}
  0x000001a5905eba0c: 0f1f 8400 | 0415 001e | ba5e ffff | ff4c 8974 | 2420 4889 

  0x000001a5905eba20: ;   {runtime_call UncommonTrapBlob}
  0x000001a5905eba20: 7c24 30e8 

  0x000001a5905eba24: ; ImmutableOopMap {rbp=NarrowOop [32]=Oop [48]=Oop [88]=NarrowOop }
                      ;*invokevirtual initialTryLock {reexecute=0 rethrow=0 return_oop=0}
                      ; - java.util.concurrent.locks.ReentrantLock$Sync::lock@1 (line 153)
                      ; - java.util.concurrent.locks.ReentrantLock::lock@4 (line 323)
                      ; - java.awt.EventQueue::setCurrentEventAndMostRecentTimeImpl@4 (line 1201)
                      ; - java.awt.EventQueue::dispatchEventImpl@14 (line 722)
                      ; - java.awt.EventQueue::dispatchEvent@22 (line 702)
                      ; - java.awt.EventDispatchThread::pumpOneEventForFilters@81 (line 203)
  0x000001a5905eba24: b85b a9ff 

  0x000001a5905eba28: ;   {post_call_nop}
  0x000001a5905eba28: 0f1f 8400 | 2015 001f | bade ffff | ff4c 8b54 | 2428 4c89 

  0x000001a5905eba3c: ;   {runtime_call UncommonTrapBlob}
  0x000001a5905eba3c: 5424 20e8 

  0x000001a5905eba40: ; ImmutableOopMap {rbp=NarrowOop [32]=Oop [72]=Oop }
                      ;*invokeinterface unlock {reexecute=0 rethrow=0 return_oop=0}
                      ; - java.awt.EventQueue::setCurrentEventAndMostRecentTimeImpl@168 (line 1236)
                      ; - java.awt.EventQueue::dispatchEventImpl@14 (line 722)
                      ; - java.awt.EventQueue::dispatchEvent@22 (line 702)
                      ; - java.awt.EventDispatchThread::pumpOneEventForFilters@81 (line 203)
  0x000001a5905eba40: 9c5b a9ff 

  0x000001a5905eba44: ;   {post_call_nop}
  0x000001a5905eba44: 0f1f 8400 | 3c15 0020 | ba45 ffff | ff4c 8974 | 2420 4889 | 7c24 284c | 8954 2438 

  0x000001a5905eba60: ;   {runtime_call UncommonTrapBlob}
  0x000001a5905eba60: 6666 90e8 

  0x000001a5905eba64: ; ImmutableOopMap {rbp=NarrowOop [32]=Oop [40]=Oop [56]=Oop [88]=NarrowOop }
                      ;*ifnonnull {reexecute=1 rethrow=0 return_oop=0}
                      ; - (reexecute) jdk.internal.logger.SimpleConsoleLogger::effectiveLevel@4 (line 160)
                      ; - jdk.internal.logger.SimpleConsoleLogger::isLoggable@1 (line 128)
                      ; - jdk.internal.logger.AbstractLoggerWrapper::isLoggable@20 (line 124)
                      ; - sun.util.logging.PlatformLogger::isLoggable@17 (line 340)
                      ; - java.awt.EventDispatchThread::pumpOneEventForFilters@57 (line 199)
  0x000001a5905eba64: 785b a9ff 

  0x000001a5905eba68: ;   {post_call_nop}
  0x000001a5905eba68: 0f1f 8400 | 6015 0021 | bac6 ffff | ff4c 8b44 | 2450 4c89 | 7424 284c | 8944 2430 | 4489 5424 
  0x000001a5905eba88: 384c 895c | 2440 4c89 | 4424 4889 

  0x000001a5905eba94: ;   {runtime_call UncommonTrapBlob}
  0x000001a5905eba94: 4c24 54e8 

  0x000001a5905eba98: ; ImmutableOopMap {[40]=Oop [48]=Oop [64]=Oop [72]=Oop [84]=NarrowOop [88]=NarrowOop }
                      ;*invokeinterface acceptEvent {reexecute=0 rethrow=0 return_oop=0}
                      ; - java.awt.EventDispatchThread::filterAndCheckEvent@42 (line 169)
                      ; - java.awt.EventDispatchThread::pumpOneEventForFilters@35 (line 192)
  0x000001a5905eba98: 445b a9ff 

  0x000001a5905eba9c: ;   {post_call_nop}
  0x000001a5905eba9c: 0f1f 8400 | 9415 0022 | ba45 ffff | ff4c 8974 | 2430 4489 | 5424 404c | 895c 2448 | 448b 5c24 
  0x000001a5905ebabc: 5844 895c | 2444 894c 

  0x000001a5905ebac4: ;   {runtime_call UncommonTrapBlob}
  0x000001a5905ebac4: 245c 90e8 

  0x000001a5905ebac8: ; ImmutableOopMap {rbp=NarrowOop [48]=Oop [68]=NarrowOop [72]=Oop [80]=Oop [92]=NarrowOop }
                      ;*ifnull {reexecute=1 rethrow=0 return_oop=0}
                      ; - (reexecute) java.awt.EventDispatchThread$HierarchyEventFilter::acceptEvent@4 (line 234)
                      ; - java.awt.EventDispatchThread::filterAndCheckEvent@42 (line 169)
                      ; - java.awt.EventDispatchThread::pumpOneEventForFilters@35 (line 192)
  0x000001a5905ebac8: 145b a9ff 

  0x000001a5905ebacc: ;   {post_call_nop}
  0x000001a5905ebacc: 0f1f 8400 | c415 0023 | ba45 ffff | ff4c 8974 | 2420 4889 

  0x000001a5905ebae0: ;   {runtime_call UncommonTrapBlob}
  0x000001a5905ebae0: 7c24 30e8 

  0x000001a5905ebae4: ; ImmutableOopMap {[32]=Oop [48]=Oop [88]=NarrowOop }
                      ;*ifeq {reexecute=1 rethrow=0 return_oop=0}
                      ; - (reexecute) sun.awt.dnd.SunDragSourceContextPeer::checkEvent@3 (line 368)
                      ; - java.awt.EventDispatchThread::filterAndCheckEvent@96 (line 178)
                      ; - java.awt.EventDispatchThread::pumpOneEventForFilters@35 (line 192)
  0x000001a5905ebae4: f85a a9ff 

  0x000001a5905ebae8: ;   {post_call_nop}
  0x000001a5905ebae8: 0f1f 8400 | e015 0024 | ba45 ffff | ff4c 8974 | 2420 4889 | 7c24 3044 | 8944 2438 

  0x000001a5905ebb04: ;   {runtime_call UncommonTrapBlob}
  0x000001a5905ebb04: 6666 90e8 

  0x000001a5905ebb08: ; ImmutableOopMap {[32]=Oop [48]=Oop [56]=NarrowOop }
                      ;*ifne {reexecute=1 rethrow=0 return_oop=0}
                      ; - (reexecute) java.awt.EventQueue::setCurrentEventAndMostRecentTimeImpl@12 (line 1203)
                      ; - java.awt.EventQueue::dispatchEventImpl@14 (line 722)
                      ; - java.awt.EventQueue::dispatchEvent@22 (line 702)
                      ; - java.awt.EventDispatchThread::pumpOneEventForFilters@81 (line 203)
  0x000001a5905ebb08: d45a a9ff 

  0x000001a5905ebb0c: ;   {post_call_nop}
  0x000001a5905ebb0c: 0f1f 8400 | 0416 0025 | ba45 ffff | ff4c 8974 | 2420 4889 | 7c24 2844 | 8944 2430 | 4889 4c24 
  0x000001a5905ebb2c: ;   {runtime_call UncommonTrapBlob}
  0x000001a5905ebb2c: 3866 90e8 

  0x000001a5905ebb30: ; ImmutableOopMap {rbp=NarrowOop [32]=Oop [40]=Oop [48]=NarrowOop [56]=Oop }
                      ;*if_acmpeq {reexecute=1 rethrow=0 return_oop=0}
                      ; - (reexecute) java.awt.EventQueue::setCurrentEventAndMostRecentTimeImpl@22 (line 1203)
                      ; - java.awt.EventQueue::dispatchEventImpl@14 (line 722)
                      ; - java.awt.EventQueue::dispatchEvent@22 (line 702)
                      ; - java.awt.EventDispatchThread::pumpOneEventForFilters@81 (line 203)
  0x000001a5905ebb30: ac5a a9ff 

  0x000001a5905ebb34: ;   {post_call_nop}
  0x000001a5905ebb34: 0f1f 8400 | 2c16 0026 | ba45 ffff | ff4c 8b54 | 2428 4c89 | 5424 2089 | 4c24 304c | 895c 2438 
  0x000001a5905ebb54: ;   {runtime_call UncommonTrapBlob}
  0x000001a5905ebb54: 6666 90e8 

  0x000001a5905ebb58: ; ImmutableOopMap {rbp=NarrowOop [32]=Oop [48]=NarrowOop [56]=Oop [72]=Oop }
                      ;*if_acmpeq {reexecute=1 rethrow=0 return_oop=0}
                      ; - (reexecute) java.util.concurrent.locks.ReentrantLock$Sync::tryRelease@14 (line 175)
                      ; - java.util.concurrent.locks.AbstractQueuedSynchronizer::release@2 (line 1099)
                      ; - java.util.concurrent.locks.ReentrantLock::unlock@5 (line 495)
                      ; - java.awt.EventQueue::setCurrentEventAndMostRecentTimeImpl@168 (line 1236)
                      ; - java.awt.EventQueue::dispatchEventImpl@14 (line 722)
                      ; - java.awt.EventQueue::dispatchEvent@22 (line 702)
                      ; - java.awt.EventDispatchThread::pumpOneEventForFilters@81 (line 203)
  0x000001a5905ebb58: 845a a9ff 

  0x000001a5905ebb5c: ;   {post_call_nop}
  0x000001a5905ebb5c: 0f1f 8400 | 5416 0027 | ba45 ffff | ff4c 8b54 | 2428 4c89 

  0x000001a5905ebb70: ;   {runtime_call UncommonTrapBlob}
  0x000001a5905ebb70: 5424 20e8 

  0x000001a5905ebb74: ; ImmutableOopMap {[32]=Oop [48]=Oop }
                      ;*ifeq {reexecute=1 rethrow=0 return_oop=0}
                      ; - (reexecute) java.awt.event.InvocationEvent::dispatch@4 (line 311)
                      ; - java.awt.EventQueue::dispatchEventImpl@21 (line 723)
                      ; - java.awt.EventQueue::dispatchEvent@22 (line 702)
                      ; - java.awt.EventDispatchThread::pumpOneEventForFilters@81 (line 203)
  0x000001a5905ebb74: 685a a9ff 

  0x000001a5905ebb78: ;   {post_call_nop}
  0x000001a5905ebb78: 0f1f 8400 | 7016 0028 | ba45 ffff | ff4c 8b54 | 2428 4c89 

  0x000001a5905ebb8c: ;   {runtime_call UncommonTrapBlob}
  0x000001a5905ebb8c: 5424 20e8 

  0x000001a5905ebb90: ; ImmutableOopMap {rbp=NarrowOop [32]=Oop [48]=Oop }
                      ;*ifnull {reexecute=1 rethrow=0 return_oop=0}
                      ; - (reexecute) java.awt.event.InvocationEvent::finishedDispatching@9 (line 407)
                      ; - java.awt.event.InvocationEvent::dispatch@54 (line 326)
                      ; - java.awt.EventQueue::dispatchEventImpl@21 (line 723)
                      ; - java.awt.EventQueue::dispatchEvent@22 (line 702)
                      ; - java.awt.EventDispatchThread::pumpOneEventForFilters@81 (line 203)
  0x000001a5905ebb90: 4c5a a9ff 

  0x000001a5905ebb94: ;   {post_call_nop}
  0x000001a5905ebb94: 0f1f 8400 | 8c16 0029 | ba45 ffff | ff4c 8b54 | 2428 4c89 

  0x000001a5905ebba8: ;   {runtime_call UncommonTrapBlob}
  0x000001a5905ebba8: 5424 20e8 

  0x000001a5905ebbac: ; ImmutableOopMap {rbp=NarrowOop [32]=Oop [48]=Oop }
                      ;*ifnull {reexecute=1 rethrow=0 return_oop=0}
                      ; - (reexecute) java.awt.event.InvocationEvent::finishedDispatching@40 (line 413)
                      ; - java.awt.event.InvocationEvent::dispatch@54 (line 326)
                      ; - java.awt.EventQueue::dispatchEventImpl@21 (line 723)
                      ; - java.awt.EventQueue::dispatchEvent@22 (line 702)
                      ; - java.awt.EventDispatchThread::pumpOneEventForFilters@81 (line 203)
  0x000001a5905ebbac: 305a a9ff 

  0x000001a5905ebbb0: ;   {post_call_nop}
  0x000001a5905ebbb0: 0f1f 8400 | a816 002a | ba45 ffff | ff4c 8974 | 2430 4489 | 5424 4089 

  0x000001a5905ebbc8: ;   {runtime_call UncommonTrapBlob}
  0x000001a5905ebbc8: 4c24 4ce8 

  0x000001a5905ebbcc: ; ImmutableOopMap {[48]=Oop [76]=NarrowOop [80]=Oop [88]=NarrowOop }
                      ;*ifne {reexecute=1 rethrow=0 return_oop=0}
                      ; - (reexecute) java.awt.ModalEventFilter::acceptEvent@4 (line 46)
                      ; - java.awt.EventDispatchThread::filterAndCheckEvent@42 (line 169)
                      ; - java.awt.EventDispatchThread::pumpOneEventForFilters@35 (line 192)
  0x000001a5905ebbcc: 105a a9ff 

  0x000001a5905ebbd0: ;   {post_call_nop}
  0x000001a5905ebbd0: 0f1f 8400 | c816 002b | ba45 ffff | ff4c 8974 | 2430 4489 | 5424 4089 

  0x000001a5905ebbe8: ;   {runtime_call UncommonTrapBlob}
  0x000001a5905ebbe8: 4c24 4ce8 

  0x000001a5905ebbec: ; ImmutableOopMap {[48]=Oop [76]=NarrowOop [80]=Oop [88]=NarrowOop }
                      ;*ifne {reexecute=1 rethrow=0 return_oop=0}
                      ; - (reexecute) java.awt.ModalEventFilter::acceptEvent@14 (line 46)
                      ; - java.awt.EventDispatchThread::filterAndCheckEvent@42 (line 169)
                      ; - java.awt.EventDispatchThread::pumpOneEventForFilters@35 (line 192)
  0x000001a5905ebbec: f059 a9ff 

  0x000001a5905ebbf0: ;   {post_call_nop}
  0x000001a5905ebbf0: 0f1f 8400 | e816 002c | ba45 ffff | ff4c 8974 | 2428 4889 | 7c24 3044 | 8954 2438 | 894c 2444 
  0x000001a5905ebc10: ;   {runtime_call UncommonTrapBlob}
  0x000001a5905ebc10: 6666 90e8 

  0x000001a5905ebc14: ; ImmutableOopMap {[40]=Oop [48]=Oop [68]=NarrowOop [88]=NarrowOop }
                      ;*ifeq {reexecute=1 rethrow=0 return_oop=0}
                      ; - (reexecute) java.awt.ModalEventFilter::acceptEvent@80 (line 60)
                      ; - java.awt.EventDispatchThread::filterAndCheckEvent@42 (line 169)
                      ; - java.awt.EventDispatchThread::pumpOneEventForFilters@35 (line 192)
  0x000001a5905ebc14: c859 a9ff 

  0x000001a5905ebc18: ;   {post_call_nop}
  0x000001a5905ebc18: 0f1f 8400 | 1017 002d | ba45 ffff | ff4c 8974 | 2430 4889 | 7c24 3844 | 8954 2440 | 4c89 5c24 
  0x000001a5905ebc38: 4889 4c24 

  0x000001a5905ebc3c: ;   {runtime_call UncommonTrapBlob}
  0x000001a5905ebc3c: 5466 90e8 

  0x000001a5905ebc40: ; ImmutableOopMap {rbp=Oop [48]=Oop [56]=Oop [72]=Oop [84]=NarrowOop [88]=NarrowOop }
                      ;*ifne {reexecute=1 rethrow=0 return_oop=0}
                      ; - (reexecute) java.awt.ModalEventFilter::acceptEvent@99 (line 62)
                      ; - java.awt.EventDispatchThread::filterAndCheckEvent@42 (line 169)
                      ; - java.awt.EventDispatchThread::pumpOneEventForFilters@35 (line 192)
  0x000001a5905ebc40: 9c59 a9ff 

  0x000001a5905ebc44: ;   {post_call_nop}
  0x000001a5905ebc44: 0f1f 8400 | 3c17 002e | ba45 ffff | ff49 8bee | 4889 7c24 | 2044 894c 

  0x000001a5905ebc5c: ;   {runtime_call UncommonTrapBlob}
  0x000001a5905ebc5c: 242c 90e8 

  0x000001a5905ebc60: ; ImmutableOopMap {rbp=Oop [32]=Oop [44]=NarrowOop [88]=NarrowOop }
                      ;*ifeq {reexecute=1 rethrow=0 return_oop=0}
                      ; - (reexecute) java.awt.EventQueue::dispatchEventImpl@33 (line 724)
                      ; - java.awt.EventQueue::dispatchEvent@22 (line 702)
                      ; - java.awt.EventDispatchThread::pumpOneEventForFilters@81 (line 203)
  0x000001a5905ebc60: 7c59 a9ff 

  0x000001a5905ebc64: ;   {post_call_nop}
  0x000001a5905ebc64: 0f1f 8400 | 5c17 002f | bade ffff | ff4c 8b54 | 2428 4c89 | 5424 2044 | 895c 2428 

  0x000001a5905ebc80: ;   {runtime_call UncommonTrapBlob}
  0x000001a5905ebc80: 6666 90e8 

  0x000001a5905ebc84: ; ImmutableOopMap {rbp=Oop [32]=Oop [40]=NarrowOop }
                      ;*invokeinterface setCanAccessSystemClipboard {reexecute=0 rethrow=0 return_oop=0}
                      ; - java.awt.AWTEvent::dispatched@15 (line 572)
                      ; - java.awt.EventQueue::dispatchEventImpl@45 (line 726)
                      ; - java.awt.EventQueue::dispatchEvent@22 (line 702)
                      ; - java.awt.EventDispatchThread::pumpOneEventForFilters@81 (line 203)
  0x000001a5905ebc84: 5859 a9ff 

  0x000001a5905ebc88: ;   {post_call_nop}
  0x000001a5905ebc88: 0f1f 8400 | 8017 0030 | ba45 ffff | ff48 8b6c 

  0x000001a5905ebc98: ;   {runtime_call UncommonTrapBlob}
  0x000001a5905ebc98: 2428 90e8 

  0x000001a5905ebc9c: ; ImmutableOopMap {rbp=Oop [64]=NarrowOop [72]=Oop }
                      ;*ifeq {reexecute=1 rethrow=0 return_oop=0}
                      ; - (reexecute) java.awt.EventQueue::setCurrentEventAndMostRecentTimeImpl@93 (line 1224)
                      ; - java.awt.EventQueue::dispatchEventImpl@14 (line 722)
                      ; - java.awt.EventQueue::dispatchEvent@22 (line 702)
                      ; - java.awt.EventDispatchThread::pumpOneEventForFilters@81 (line 203)
  0x000001a5905ebc9c: 4059 a9ff 

  0x000001a5905ebca0: ;   {post_call_nop}
  0x000001a5905ebca0: 0f1f 8400 | 9817 0031 | ba45 ffff | ff48 8b6c 

  0x000001a5905ebcb0: ;   {runtime_call UncommonTrapBlob}
  0x000001a5905ebcb0: 2428 90e8 

  0x000001a5905ebcb4: ; ImmutableOopMap {rbp=Oop [64]=NarrowOop [72]=Oop }
                      ;*ifeq {reexecute=1 rethrow=0 return_oop=0}
                      ; - (reexecute) java.awt.EventQueue::setCurrentEventAndMostRecentTimeImpl@115 (line 1227)
                      ; - java.awt.EventQueue::dispatchEventImpl@14 (line 722)
                      ; - java.awt.EventQueue::dispatchEvent@22 (line 702)
                      ; - java.awt.EventDispatchThread::pumpOneEventForFilters@81 (line 203)
  0x000001a5905ebcb4: 2859 a9ff 

  0x000001a5905ebcb8: ;   {post_call_nop}
  0x000001a5905ebcb8: 0f1f 8400 | b017 0032 | ba45 ffff | ff4c 8974 | 2430 4489 | 5424 404c | 895c 2448 | 448b 5424 
  0x000001a5905ebcd8: 5844 8954 | 2444 894c 

  0x000001a5905ebce0: ;   {runtime_call UncommonTrapBlob}
  0x000001a5905ebce0: 245c 90e8 

  0x000001a5905ebce4: ; ImmutableOopMap {[48]=Oop [68]=NarrowOop [72]=Oop [80]=Oop [92]=NarrowOop }
                      ;*if_icmple {reexecute=1 rethrow=0 return_oop=0}
                      ; - (reexecute) java.awt.ModalEventFilter::acceptEvent@51 (line 50)
                      ; - java.awt.EventDispatchThread::filterAndCheckEvent@42 (line 169)
                      ; - java.awt.EventDispatchThread::pumpOneEventForFilters@35 (line 192)
  0x000001a5905ebce4: f858 a9ff 

  0x000001a5905ebce8: ;   {post_call_nop}
  0x000001a5905ebce8: 0f1f 8400 | e017 0033 | 488b 7c24 | 5041 8bcd | c4c1 797e | c2ba 45ff | ffff 4c89 | 7424 2848 
  0x000001a5905ebd08: 897c 2430 | 4489 5424 | 3889 4c24 

  0x000001a5905ebd14: ;   {runtime_call UncommonTrapBlob}
  0x000001a5905ebd14: 4466 90e8 

  0x000001a5905ebd18: ; ImmutableOopMap {[40]=Oop [48]=Oop [68]=NarrowOop [88]=NarrowOop }
                      ;*ifeq {reexecute=1 rethrow=0 return_oop=0}
                      ; - (reexecute) java.awt.ModalEventFilter::acceptEvent@70 (line 57)
                      ; - java.awt.EventDispatchThread::filterAndCheckEvent@42 (line 169)
                      ; - java.awt.EventDispatchThread::pumpOneEventForFilters@35 (line 192)
  0x000001a5905ebd18: c458 a9ff 

  0x000001a5905ebd1c: ;   {post_call_nop}
  0x000001a5905ebd1c: 0f1f 8400 | 1418 0034 | bade ffff | ff4c 8974 | 2428 4489 | 6c24 3844 | 8944 243c | 4489 4c24 
  0x000001a5905ebd3c: ;   {runtime_call UncommonTrapBlob}
  0x000001a5905ebd3c: 4866 90e8 

  0x000001a5905ebd40: ; ImmutableOopMap {[40]=Oop [60]=NarrowOop [72]=NarrowOop [80]=Oop [88]=NarrowOop }
                      ;*checkcast {reexecute=0 rethrow=0 return_oop=0}
                      ; - java.awt.EventDispatchThread::filterAndCheckEvent@34 (line 168)
                      ; - java.awt.EventDispatchThread::pumpOneEventForFilters@35 (line 192)
  0x000001a5905ebd40: 9c58 a9ff 

  0x000001a5905ebd44: ;   {post_call_nop}
  0x000001a5905ebd44: 0f1f 8400 | 3c18 0035 | ba45 ffff | ff4c 8b54 | 2428 4c89 | 5424 2044 | 894c 2434 

  0x000001a5905ebd60: ;   {runtime_call UncommonTrapBlob}
  0x000001a5905ebd60: 6666 90e8 

  0x000001a5905ebd64: ; ImmutableOopMap {[32]=Oop [52]=NarrowOop [72]=Oop }
                      ;*ifeq {reexecute=1 rethrow=0 return_oop=0}
                      ; - (reexecute) jdk.internal.misc.Unsafe::getAndBitwiseAndInt@21 (line 3249)
                      ; - java.util.concurrent.locks.AbstractQueuedSynchronizer$Node::getAndUnsetStatus@10 (line 482)
                      ; - java.util.concurrent.locks.AbstractQueuedSynchronizer::signalNext@22 (line 645)
                      ; - java.util.concurrent.locks.AbstractQueuedSynchronizer::release@12 (line 1100)
                      ; - java.util.concurrent.locks.ReentrantLock::unlock@5 (line 495)
                      ; - java.awt.EventQueue::setCurrentEventAndMostRecentTimeImpl@168 (line 1236)
                      ; - java.awt.EventQueue::dispatchEventImpl@14 (line 722)
                      ; - java.awt.EventQueue::dispatchEvent@22 (line 702)
                      ; - java.awt.EventDispatchThread::pumpOneEventForFilters@81 (line 203)
  0x000001a5905ebd64: 7858 a9ff 

  0x000001a5905ebd68: ;   {post_call_nop}
  0x000001a5905ebd68: 0f1f 8400 | 6018 0036 | ba45 ffff | ff4c 8974 | 2420 4889 | 7c24 304c | 894c 2440 

  0x000001a5905ebd84: ;   {runtime_call UncommonTrapBlob}
  0x000001a5905ebd84: 6666 90e8 

  0x000001a5905ebd88: ; ImmutableOopMap {[32]=Oop [48]=Oop [64]=Oop [88]=NarrowOop }
                      ;*ifge {reexecute=1 rethrow=0 return_oop=0}
                      ; - (reexecute) java.util.concurrent.locks.ReentrantLock$NonfairSync::initialTryLock@36 (line 231)
                      ; - java.util.concurrent.locks.ReentrantLock$Sync::lock@1 (line 153)
                      ; - java.util.concurrent.locks.ReentrantLock::lock@4 (line 323)
                      ; - java.awt.EventQueue::setCurrentEventAndMostRecentTimeImpl@4 (line 1201)
                      ; - java.awt.EventQueue::dispatchEventImpl@14 (line 722)
                      ; - java.awt.EventQueue::dispatchEvent@22 (line 702)
                      ; - java.awt.EventDispatchThread::pumpOneEventForFilters@81 (line 203)
  0x000001a5905ebd88: 5458 a9ff 

  0x000001a5905ebd8c: ;   {post_call_nop}
  0x000001a5905ebd8c: 0f1f 8400 | 8418 0037 | bade ffff | ff49 8bee | 4889 7c24 

  0x000001a5905ebda0: ;   {runtime_call UncommonTrapBlob}
  0x000001a5905ebda0: 2866 90e8 

  0x000001a5905ebda4: ; ImmutableOopMap {rbp=Oop [40]=Oop [88]=NarrowOop }
                      ;*invokevirtual consume {reexecute=0 rethrow=0 return_oop=0}
                      ; - java.awt.EventDispatchThread::pumpOneEventForFilters@44 (line 194)
  0x000001a5905ebda4: 3858 a9ff 

  0x000001a5905ebda8: ;   {post_call_nop}
  0x000001a5905ebda8: 0f1f 8400 | a018 0038 | 4889 7424 | 404c 896c | 2428 4889 | 7c24 2049 | 8bee 488b | d64c 8d84 
  0x000001a5905ebdc8: 2480 0000 

  0x000001a5905ebdcc: ;   {runtime_call C2 Runtime complete_monitor_locking}
  0x000001a5905ebdcc: 0066 90e8 

  0x000001a5905ebdd0: ; ImmutableOopMap {rbp=Oop [32]=Oop [40]=Oop [48]=Oop [56]=Oop [64]=Oop [88]=NarrowOop }
                      ;*monitorenter {reexecute=0 rethrow=0 return_oop=0}
                      ; - jdk.internal.logger.LazyLoggers$LazyLoggerAccessor::platform@14 (line 195)
                      ; - jdk.internal.logger.LazyLoggers$LazyLoggerWrapper::platformProxy@4 (line 332)
                      ; - jdk.internal.logger.AbstractLoggerWrapper::isLoggable@1 (line 122)
                      ; - sun.util.logging.PlatformLogger::isLoggable@17 (line 340)
                      ; - java.awt.EventDispatchThread::pumpOneEventForFilters@57 (line 199)
  0x000001a5905ebdd0: 0c90 a9ff 

  0x000001a5905ebdd4: ;   {post_call_nop}
  0x000001a5905ebdd4: 0f1f 8400 | cc18 0039 | 4c8b f548 | 8b7c 2420 | 4c8b 6c24 | 2848 8b74 | 2440 e9c9 | f4ff ff4c 
  0x000001a5905ebdf4: 8bd6 498b | ca48 8d94 | 2480 0000 | 004d 8bc7 

  0x000001a5905ebe04: ;   {runtime_call}
  0x000001a5905ebe04: 49ba 80c3 | d523 f97f | 0000 41ff 

  0x000001a5905ebe10: ;   {post_call_nop}
  0x000001a5905ebe10: d20f 1f84 | 0000 0000 | 00e9 4df5 | ffff 4c8b | 7424 2848 | 8b7c 2440 | 4c8b 6c24 | 48ba 45ff 
  0x000001a5905ebe30: ffff 4c89 | 7424 2048 | 897c 2428 | 4c89 6c24 

  0x000001a5905ebe40: ;   {runtime_call UncommonTrapBlob}
  0x000001a5905ebe40: 3866 90e8 

  0x000001a5905ebe44: ; ImmutableOopMap {rbp=NarrowOop [32]=Oop [40]=Oop [56]=Oop [88]=NarrowOop }
                      ;*ifnonnull {reexecute=1 rethrow=0 return_oop=0}
                      ; - (reexecute) jdk.internal.logger.AbstractLoggerWrapper::isLoggable@6 (line 123)
                      ; - sun.util.logging.PlatformLogger::isLoggable@17 (line 340)
                      ; - java.awt.EventDispatchThread::pumpOneEventForFilters@57 (line 199)
  0x000001a5905ebe44: 9857 a9ff 

  0x000001a5905ebe48: ;   {post_call_nop}
  0x000001a5905ebe48: 0f1f 8400 | 4019 003a | 488b ce48 | 8d94 2480 | 0000 004d 

  0x000001a5905ebe5c: ;   {runtime_call}
  0x000001a5905ebe5c: 8bc7 49ba | 80c3 d523 | f97f 0000 

  0x000001a5905ebe68: ;   {post_call_nop}
  0x000001a5905ebe68: 41ff d20f | 1f84 0000 | 0000 00e9 | 5ff6 ffff | baec ffff | ff4c 8974 | 2420 4889 | 7c24 284c 
  0x000001a5905ebe88: 896c 2438 | 4889 7424 

  0x000001a5905ebe90: ;   {runtime_call UncommonTrapBlob}
  0x000001a5905ebe90: 4866 90e8 

  0x000001a5905ebe94: ; ImmutableOopMap {rbp=NarrowOop [32]=Oop [40]=Oop [56]=Oop [72]=Oop [88]=NarrowOop }
                      ;*invokestatic getLogger {reexecute=0 rethrow=0 return_oop=0}
                      ; - jdk.internal.logger.LazyLoggers$LazyLoggerAccessor::platform@62 (line 206)
                      ; - jdk.internal.logger.LazyLoggers$LazyLoggerWrapper::platformProxy@4 (line 332)
                      ; - jdk.internal.logger.AbstractLoggerWrapper::isLoggable@1 (line 122)
                      ; - sun.util.logging.PlatformLogger::isLoggable@17 (line 340)
                      ; - java.awt.EventDispatchThread::pumpOneEventForFilters@57 (line 199)
  0x000001a5905ebe94: 4857 a9ff 

  0x000001a5905ebe98: ;   {post_call_nop}
  0x000001a5905ebe98: 0f1f 8400 | 9019 003b | 498b d34c | 8d84 2480 

  0x000001a5905ebea8: ;   {runtime_call C2 Runtime complete_monitor_locking}
  0x000001a5905ebea8: 0000 00e8 

  0x000001a5905ebeac: ; ImmutableOopMap {rbp=Oop [32]=Oop [40]=Oop [48]=Oop [56]=Oop [64]=Oop [72]=Oop [88]=NarrowOop }
                      ;*monitorenter {reexecute=0 rethrow=0 return_oop=0}
                      ; - jdk.internal.logger.LazyLoggers$LazyLoggerAccessor::platform@69 (line 207)
                      ; - jdk.internal.logger.LazyLoggers$LazyLoggerWrapper::platformProxy@4 (line 332)
                      ; - jdk.internal.logger.AbstractLoggerWrapper::isLoggable@1 (line 122)
                      ; - sun.util.logging.PlatformLogger::isLoggable@17 (line 340)
                      ; - java.awt.EventDispatchThread::pumpOneEventForFilters@57 (line 199)
  0x000001a5905ebeac: 308f a9ff 

  0x000001a5905ebeb0: ;   {post_call_nop}
  0x000001a5905ebeb0: 0f1f 8400 | a819 003c | 4c8b dde9 | c9f6 ffff | 498b c948 | 8d94 2480 | 0000 004d 

  0x000001a5905ebecc: ;   {runtime_call}
  0x000001a5905ebecc: 8bc7 49ba | 80c3 d523 | f97f 0000 

  0x000001a5905ebed8: ;   {post_call_nop}
  0x000001a5905ebed8: 41ff d20f | 1f84 0000 | 0000 00e9 | 6bf7 ffff | ba95 ffff | ff48 8b6c | 2428 4889 

  0x000001a5905ebef4: ;   {runtime_call UncommonTrapBlob}
  0x000001a5905ebef4: 4424 28e8 

  0x000001a5905ebef8: ; ImmutableOopMap {rbp=Oop [40]=Oop [48]=Oop }
                      ;*astore_2 {reexecute=0 rethrow=0 return_oop=0}
                      ; - java.awt.event.InvocationEvent::dispatch@60 (line 326)
                      ; - java.awt.EventQueue::dispatchEventImpl@21 (line 723)
                      ; - java.awt.EventQueue::dispatchEvent@22 (line 702)
                      ; - java.awt.EventDispatchThread::pumpOneEventForFilters@81 (line 203)
  0x000001a5905ebef8: e456 a9ff 

  0x000001a5905ebefc: ;   {post_call_nop}
  0x000001a5905ebefc: 0f1f 8400 | f419 003d | baf6 ffff | ff4c 8974 | 2428 8944 | 243c 894c 

  0x000001a5905ebf14: ;   {runtime_call UncommonTrapBlob}
  0x000001a5905ebf14: 2448 90e8 

  0x000001a5905ebf18: ; ImmutableOopMap {[40]=Oop [72]=NarrowOop [80]=Oop [88]=NarrowOop }
                      ;*invokevirtual get {reexecute=0 rethrow=0 return_oop=0}
                      ; - java.awt.EventDispatchThread::filterAndCheckEvent@31 (line 168)
                      ; - java.awt.EventDispatchThread::pumpOneEventForFilters@35 (line 192)
  0x000001a5905ebf18: c456 a9ff 

  0x000001a5905ebf1c: ;   {post_call_nop}
  0x000001a5905ebf1c: 0f1f 8400 | 141a 003e | baf6 ffff | ff4c 8974 | 2428 8944 | 2438 4489 | 5424 3c89 

  0x000001a5905ebf38: ;   {runtime_call UncommonTrapBlob}
  0x000001a5905ebf38: 4c24 48e8 

  0x000001a5905ebf3c: ; ImmutableOopMap {[40]=Oop [72]=NarrowOop [80]=Oop [88]=NarrowOop }
                      ;*aaload {reexecute=0 rethrow=0 return_oop=0}
                      ; - java.util.ArrayList::elementData@5 (line 412)
                      ; - java.util.ArrayList::get@11 (line 429)
                      ; - java.awt.EventDispatchThread::filterAndCheckEvent@31 (line 168)
                      ; - java.awt.EventDispatchThread::pumpOneEventForFilters@35 (line 192)
  0x000001a5905ebf3c: a056 a9ff 

  0x000001a5905ebf40: ;   {post_call_nop}
  0x000001a5905ebf40: 0f1f 8400 | 381a 003f | baf4 ffff | ff4c 8974 | 2428 4489 | 5424 3889 

  0x000001a5905ebf58: ;   {runtime_call UncommonTrapBlob}
  0x000001a5905ebf58: 4c24 44e8 

  0x000001a5905ebf5c: ; ImmutableOopMap {[40]=Oop [68]=NarrowOop [80]=Oop [88]=NarrowOop }
                      ;*checkcast {reexecute=0 rethrow=0 return_oop=0}
                      ; - java.awt.EventDispatchThread::filterAndCheckEvent@34 (line 168)
                      ; - java.awt.EventDispatchThread::pumpOneEventForFilters@35 (line 192)
  0x000001a5905ebf5c: 8056 a9ff 

  0x000001a5905ebf60: ;   {post_call_nop}
  0x000001a5905ebf60: 0f1f 8400 | 581a 0040 | baf6 ffff | ff4c 8b54 | 2450 4c89 | 7424 284c | 8954 2430 | 894c 2440 
  0x000001a5905ebf80: ;   {runtime_call UncommonTrapBlob}
  0x000001a5905ebf80: 6666 90e8 

  0x000001a5905ebf84: ; ImmutableOopMap {[40]=Oop [48]=Oop [64]=NarrowOop [80]=Oop [88]=NarrowOop }
                      ;*invokevirtual size {reexecute=0 rethrow=0 return_oop=0}
                      ; - java.awt.EventDispatchThread::filterAndCheckEvent@13 (line 167)
                      ; - java.awt.EventDispatchThread::pumpOneEventForFilters@35 (line 192)
  0x000001a5905ebf84: 5856 a9ff 

  0x000001a5905ebf88: ;   {post_call_nop}
  0x000001a5905ebf88: 0f1f 8400 | 801a 0041 | baf6 ffff | ff49 8bee | 4889 7c24 

  0x000001a5905ebf9c: ;   {runtime_call UncommonTrapBlob}
  0x000001a5905ebf9c: 2066 90e8 

  0x000001a5905ebfa0: ; ImmutableOopMap {rbp=Oop [32]=Oop [88]=NarrowOop }
                      ;*invokeinterface isLoggable {reexecute=0 rethrow=0 return_oop=0}
                      ; - sun.util.logging.PlatformLogger::isLoggable@17 (line 340)
                      ; - java.awt.EventDispatchThread::pumpOneEventForFilters@57 (line 199)
  0x000001a5905ebfa0: 3c56 a9ff 

  0x000001a5905ebfa4: ;   {post_call_nop}
  0x000001a5905ebfa4: 0f1f 8400 | 9c1a 0042 | baf6 ffff | ff49 8bee | 4889 7c24 

  0x000001a5905ebfb8: ;   {runtime_call UncommonTrapBlob}
  0x000001a5905ebfb8: 2066 90e8 

  0x000001a5905ebfbc: ; ImmutableOopMap {rbp=Oop [32]=Oop [88]=NarrowOop }
                      ;*invokeinterface platform {reexecute=0 rethrow=0 return_oop=0}
                      ; - jdk.internal.logger.LazyLoggers$LazyLoggerWrapper::platformProxy@4 (line 332)
                      ; - jdk.internal.logger.AbstractLoggerWrapper::isLoggable@1 (line 122)
                      ; - sun.util.logging.PlatformLogger::isLoggable@17 (line 340)
                      ; - java.awt.EventDispatchThread::pumpOneEventForFilters@57 (line 199)
  0x000001a5905ebfbc: 2056 a9ff 

  0x000001a5905ebfc0: ;   {post_call_nop}
  0x000001a5905ebfc0: 0f1f 8400 | b81a 0043 | baf6 ffff | ff49 8bee 

  0x000001a5905ebfd0: ;   {runtime_call UncommonTrapBlob}
  0x000001a5905ebfd0: 6666 90e8 

  0x000001a5905ebfd4: ; ImmutableOopMap {rbp=Oop }
                      ;*invokevirtual getSource {reexecute=0 rethrow=0 return_oop=0}
                      ; - java.awt.EventQueue::dispatchEvent@1 (line 697)
                      ; - java.awt.EventDispatchThread::pumpOneEventForFilters@81 (line 203)
  0x000001a5905ebfd4: 0856 a9ff 

  0x000001a5905ebfd8: ;   {post_call_nop}
  0x000001a5905ebfd8: 0f1f 8400 | d01a 0044 | baf6 ffff | ff49 8bee | 4889 7c24 

  0x000001a5905ebfec: ;   {runtime_call UncommonTrapBlob}
  0x000001a5905ebfec: 2866 90e8 

  0x000001a5905ebff0: ; ImmutableOopMap {rbp=Oop [40]=Oop [88]=NarrowOop }
                      ;*invokeinterface lock {reexecute=0 rethrow=0 return_oop=0}
                      ; - java.awt.EventQueue::setCurrentEventAndMostRecentTimeImpl@4 (line 1201)
                      ; - java.awt.EventQueue::dispatchEventImpl@14 (line 722)
                      ; - java.awt.EventQueue::dispatchEvent@22 (line 702)
                      ; - java.awt.EventDispatchThread::pumpOneEventForFilters@81 (line 203)
  0x000001a5905ebff0: ec55 a9ff 

  0x000001a5905ebff4: ;   {post_call_nop}
  0x000001a5905ebff4: 0f1f 8400 | ec1a 0045 | baf6 ffff | ff49 8bee | 4889 7c24 

  0x000001a5905ec008: ;   {runtime_call UncommonTrapBlob}
  0x000001a5905ec008: 2866 90e8 

  0x000001a5905ec00c: ; ImmutableOopMap {rbp=Oop [40]=Oop [88]=NarrowOop }
                      ;*invokevirtual lock {reexecute=0 rethrow=0 return_oop=0}
                      ; - java.util.concurrent.locks.ReentrantLock::lock@4 (line 323)
                      ; - java.awt.EventQueue::setCurrentEventAndMostRecentTimeImpl@4 (line 1201)
                      ; - java.awt.EventQueue::dispatchEventImpl@14 (line 722)
                      ; - java.awt.EventQueue::dispatchEvent@22 (line 702)
                      ; - java.awt.EventDispatchThread::pumpOneEventForFilters@81 (line 203)
  0x000001a5905ec00c: d055 a9ff 

  0x000001a5905ec010: ;   {post_call_nop}
  0x000001a5905ec010: 0f1f 8400 | 081b 0046 | baf6 ffff 

  0x000001a5905ec01c: ;   {runtime_call UncommonTrapBlob}
  0x000001a5905ec01c: ff66 90e8 

  0x000001a5905ec020: ; ImmutableOopMap {[40]=Oop [72]=Oop }
                      ;*invokeinterface unlock {reexecute=0 rethrow=0 return_oop=0}
                      ; - java.awt.EventQueue::setCurrentEventAndMostRecentTimeImpl@168 (line 1236)
                      ; - java.awt.EventQueue::dispatchEventImpl@14 (line 722)
                      ; - java.awt.EventQueue::dispatchEvent@22 (line 702)
                      ; - java.awt.EventDispatchThread::pumpOneEventForFilters@81 (line 203)
  0x000001a5905ec020: bc55 a9ff 

  0x000001a5905ec024: ;   {post_call_nop}
  0x000001a5905ec024: 0f1f 8400 | 1c1b 0047 | baf6 ffff 

  0x000001a5905ec030: ;   {runtime_call UncommonTrapBlob}
  0x000001a5905ec030: ff66 90e8 

  0x000001a5905ec034: ; ImmutableOopMap {[40]=Oop [72]=Oop }
                      ;*invokevirtual release {reexecute=0 rethrow=0 return_oop=0}
                      ; - java.util.concurrent.locks.ReentrantLock::unlock@5 (line 495)
                      ; - java.awt.EventQueue::setCurrentEventAndMostRecentTimeImpl@168 (line 1236)
                      ; - java.awt.EventQueue::dispatchEventImpl@14 (line 722)
                      ; - java.awt.EventQueue::dispatchEvent@22 (line 702)
                      ; - java.awt.EventDispatchThread::pumpOneEventForFilters@81 (line 203)
  0x000001a5905ec034: a855 a9ff 

  0x000001a5905ec038: ;   {post_call_nop}
  0x000001a5905ec038: 0f1f 8400 | 301b 0048 | baf6 ffff | ff4c 8974 | 2428 4489 | 5424 3889 

  0x000001a5905ec050: ;   {runtime_call UncommonTrapBlob}
  0x000001a5905ec050: 4c24 44e8 

  0x000001a5905ec054: ; ImmutableOopMap {[40]=Oop [68]=NarrowOop [80]=Oop [88]=NarrowOop }
                      ;*invokevirtual isVisible {reexecute=0 rethrow=0 return_oop=0}
                      ; - java.awt.ModalEventFilter::acceptEvent@11 (line 46)
                      ; - java.awt.EventDispatchThread::filterAndCheckEvent@42 (line 169)
                      ; - java.awt.EventDispatchThread::pumpOneEventForFilters@35 (line 192)
  0x000001a5905ec054: 8855 a9ff 

  0x000001a5905ec058: ;   {post_call_nop}
  0x000001a5905ec058: 0f1f 8400 | 501b 0049 | baf6 ffff | ff4c 8974 | 2428 4489 | 5424 3889 

  0x000001a5905ec070: ;   {runtime_call UncommonTrapBlob}
  0x000001a5905ec070: 4c24 44e8 

  0x000001a5905ec074: ; ImmutableOopMap {[40]=Oop [68]=NarrowOop [80]=Oop [88]=NarrowOop }
                      ;*invokevirtual getID {reexecute=0 rethrow=0 return_oop=0}
                      ; - java.awt.ModalEventFilter::acceptEvent@22 (line 49)
                      ; - java.awt.EventDispatchThread::filterAndCheckEvent@42 (line 169)
                      ; - java.awt.EventDispatchThread::pumpOneEventForFilters@35 (line 192)
  0x000001a5905ec074: 6855 a9ff 

  0x000001a5905ec078: ;   {post_call_nop}
  0x000001a5905ec078: 0f1f 8400 | 701b 004a | baf4 ffff | ff4c 8974 | 2428 4489 | 5424 384c | 895c 2440 | 894c 244c 
  0x000001a5905ec098: ;   {runtime_call UncommonTrapBlob}
  0x000001a5905ec098: 6666 90e8 

  0x000001a5905ec09c: ; ImmutableOopMap {[40]=Oop [64]=Oop [76]=NarrowOop [80]=Oop [88]=NarrowOop }
                      ;*instanceof {reexecute=0 rethrow=0 return_oop=0}
                      ; - java.awt.ModalEventFilter::acceptEvent@67 (line 57)
                      ; - java.awt.EventDispatchThread::filterAndCheckEvent@42 (line 169)
                      ; - java.awt.EventDispatchThread::pumpOneEventForFilters@35 (line 192)
  0x000001a5905ec09c: 4055 a9ff 

  0x000001a5905ec0a0: ;   {post_call_nop}
  0x000001a5905ec0a0: 0f1f 8400 | 981b 004b | baf4 ffff | ff49 8bee | 4889 7c24 

  0x000001a5905ec0b4: ;   {runtime_call UncommonTrapBlob}
  0x000001a5905ec0b4: 2066 90e8 

  0x000001a5905ec0b8: ; ImmutableOopMap {rbp=Oop [32]=Oop [88]=NarrowOop }
                      ;*instanceof {reexecute=0 rethrow=0 return_oop=0}
                      ; - java.awt.EventQueue::dispatchEventImpl@30 (line 724)
                      ; - java.awt.EventQueue::dispatchEvent@22 (line 702)
                      ; - java.awt.EventDispatchThread::pumpOneEventForFilters@81 (line 203)
  0x000001a5905ec0b8: 2455 a9ff 

  0x000001a5905ec0bc: ;   {post_call_nop}
  0x000001a5905ec0bc: 0f1f 8400 | b41b 004c | 488b e8eb | 0348 8be8 | ba95 ffff | ff4c 8b54 | 2428 4c89 | 5424 2044 
  0x000001a5905ec0dc: 8b5c 2448 | 4489 5c24 

  0x000001a5905ec0e4: ;   {runtime_call UncommonTrapBlob}
  0x000001a5905ec0e4: 3866 90e8 

  0x000001a5905ec0e8: ; ImmutableOopMap {rbp=Oop [32]=Oop [56]=NarrowOop [64]=Oop [72]=NarrowOop [88]=NarrowOop }
                      ;*astore {reexecute=0 rethrow=0 return_oop=0}
                      ; - java.awt.EventDispatchThread::filterAndCheckEvent@84 (line 177)
                      ; - java.awt.EventDispatchThread::pumpOneEventForFilters@35 (line 192)
  0x000001a5905ec0e8: f454 a9ff 

  0x000001a5905ec0ec: ;   {post_call_nop}
  0x000001a5905ec0ec: 0f1f 8400 | e41b 004d | ba45 ffff | ff48 8b6c | 2428 4489 

  0x000001a5905ec100: ;   {runtime_call UncommonTrapBlob}
  0x000001a5905ec100: 5c24 2ce8 

  0x000001a5905ec104: ; ImmutableOopMap {rbp=Oop [32]=Oop [44]=NarrowOop }
                      ;*ifnonnull {reexecute=1 rethrow=0 return_oop=0}
                      ; - (reexecute) sun.awt.AWTAccessor::getInputEventAccessor@5 (line 962)
                      ; - java.awt.AWTEvent::dispatched@7 (line 571)
                      ; - java.awt.EventQueue::dispatchEventImpl@45 (line 726)
                      ; - java.awt.EventQueue::dispatchEvent@22 (line 702)
                      ; - java.awt.EventDispatchThread::pumpOneEventForFilters@81 (line 203)
  0x000001a5905ec104: d854 a9ff 

  0x000001a5905ec108: ;   {post_call_nop}
  0x000001a5905ec108: 0f1f 8400 | 001c 004e | baf6 ffff | ff49 8bee 

  0x000001a5905ec118: ;   {runtime_call UncommonTrapBlob}
  0x000001a5905ec118: 6666 90e8 

  0x000001a5905ec11c: ; ImmutableOopMap {rbp=Oop [88]=NarrowOop }
                      ;*invokevirtual consume {reexecute=0 rethrow=0 return_oop=0}
                      ; - java.awt.EventDispatchThread::pumpOneEventForFilters@44 (line 194)
  0x000001a5905ec11c: c054 a9ff 

  0x000001a5905ec120: ;   {post_call_nop}
  0x000001a5905ec120: 0f1f 8400 | 181c 004f | ba95 ffff | ff48 8944 

  0x000001a5905ec130: ;   {runtime_call UncommonTrapBlob}
  0x000001a5905ec130: 2448 90e8 

  0x000001a5905ec134: ; ImmutableOopMap {rbp=Oop [32]=Oop [40]=Oop [64]=Oop [72]=Oop [88]=NarrowOop }
                      ;*astore_3 {reexecute=0 rethrow=0 return_oop=0}
                      ; - jdk.internal.logger.LazyLoggers$LazyLoggerAccessor::platform@52 (line 200)
                      ; - jdk.internal.logger.LazyLoggers$LazyLoggerWrapper::platformProxy@4 (line 332)
                      ; - jdk.internal.logger.AbstractLoggerWrapper::isLoggable@1 (line 122)
                      ; - sun.util.logging.PlatformLogger::isLoggable@17 (line 340)
                      ; - java.awt.EventDispatchThread::pumpOneEventForFilters@57 (line 199)
  0x000001a5905ec134: a854 a9ff 

  0x000001a5905ec138: ;   {post_call_nop}
  0x000001a5905ec138: 0f1f 8400 | 301c 0050 | ba95 ffff | ff48 8b6c | 2428 4889 

  0x000001a5905ec14c: ;   {runtime_call UncommonTrapBlob}
  0x000001a5905ec14c: 4424 30e8 

  0x000001a5905ec150: ; ImmutableOopMap {rbp=Oop [48]=Oop [64]=NarrowOop [72]=Oop }
                      ;*astore {reexecute=0 rethrow=0 return_oop=0}
                      ; - java.awt.EventQueue::setCurrentEventAndMostRecentTimeImpl@176 (line 1236)
                      ; - java.awt.EventQueue::dispatchEventImpl@14 (line 722)
                      ; - java.awt.EventQueue::dispatchEvent@22 (line 702)
                      ; - java.awt.EventDispatchThread::pumpOneEventForFilters@81 (line 203)
  0x000001a5905ec150: 8c54 a9ff 

  0x000001a5905ec154: ;   {post_call_nop}
  0x000001a5905ec154: 0f1f 8400 | 4c1c 0051 | 488b e8eb | 0348 8be8 | ba95 ffff | ff4c 8b54 | 2428 4c89 | 5424 204c 
  0x000001a5905ec174: 8b54 2440 | 4c89 5424 | 284c 8b54 | 2448 4c89 | 5424 384c | 8b54 2450 | 4c89 5424 

  0x000001a5905ec190: ;   {runtime_call UncommonTrapBlob}
  0x000001a5905ec190: 4866 90e8 

  0x000001a5905ec194: ; ImmutableOopMap {rbp=Oop [32]=Oop [40]=Oop [56]=Oop [72]=Oop [80]=Oop [88]=NarrowOop }
                      ;*astore {reexecute=0 rethrow=0 return_oop=0}
                      ; - jdk.internal.logger.LazyLoggers$LazyLoggerAccessor::platform@100 (line 212)
                      ; - jdk.internal.logger.LazyLoggers$LazyLoggerWrapper::platformProxy@4 (line 332)
                      ; - jdk.internal.logger.AbstractLoggerWrapper::isLoggable@1 (line 122)
                      ; - sun.util.logging.PlatformLogger::isLoggable@17 (line 340)
                      ; - java.awt.EventDispatchThread::pumpOneEventForFilters@57 (line 199)
  0x000001a5905ec194: 4854 a9ff 

  0x000001a5905ec198: ;   {post_call_nop}
  0x000001a5905ec198: 0f1f 8400 | 901c 0052 | 488b e8e9 | 8c00 0000 | 448b 5008 

  0x000001a5905ec1ac: ;   {metadata('java/lang/InterruptedException')}
  0x000001a5905ec1ac: 4181 fa38 | d505 0174 | eb48 8be8 | eb60 448b | 4008 41ba | 0000 0025 | 4d03 d0eb | 3feb 3044 
  0x000001a5905ec1cc: 8b40 0841 | ba00 0000 | 254d 03d0 | eb2e 448b 

  0x000001a5905ec1dc: ;   {metadata('java/lang/InterruptedException')}
  0x000001a5905ec1dc: 5008 4181 | fa38 d505 | 0174 4548 | 8be8 eb2e | 448b 5808 | 41ba 0000 | 0025 4d03 | d3eb 0d44 
  0x000001a5905ec1fc: 8b58 0841 | ba00 0000 | 254d 03d3 

  0x000001a5905ec208: ;   {metadata('java/lang/InterruptedException')}
  0x000001a5905ec208: 49bb 38d5 | 0526 0000 | 0000 4d3b | d374 1a48 | 8be8 ba95 

  0x000001a5905ec21c: ;   {runtime_call UncommonTrapBlob}
  0x000001a5905ec21c: ffff ffe8 

  0x000001a5905ec220: ; ImmutableOopMap {rbp=Oop [40]=Oop }
                      ;*astore {reexecute=0 rethrow=0 return_oop=0}
                      ; - java.awt.EventDispatchThread::pumpOneEventForFilters@97 (line 209)
  0x000001a5905ec220: bc53 a9ff 

  0x000001a5905ec224: ;   {post_call_nop}
  0x000001a5905ec224: 0f1f 8400 | 1c1d 0053 | 488b e8eb | 0348 8be8 | ba95 ffff 

  0x000001a5905ec238: ;   {runtime_call UncommonTrapBlob}
  0x000001a5905ec238: ff66 90e8 

  0x000001a5905ec23c: ; ImmutableOopMap {rbp=Oop [40]=Oop }
                      ;*astore {reexecute=0 rethrow=0 return_oop=0}
                      ; - java.awt.EventDispatchThread::pumpOneEventForFilters@87 (line 205)
  0x000001a5905ec23c: a053 a9ff 

  0x000001a5905ec240: ;   {post_call_nop}
  0x000001a5905ec240: 0f1f 8400 | 381d 0054 | 8b13 48c1 | e203 4883 | fa00 0f84 | b0eb ffff | 4d8b 5738 | 4d85 d20f 
  0x000001a5905ec260: 8414 0000 | 0049 83ea | 084d 8957 | 384d 0357 | 4049 8912 | e98f ebff | ff48 83ec | 504c 895c 
  0x000001a5905ec280: 2448 4c89 | 4424 4048 | 894c 2438 | 4889 7c24 | 3048 8974 | 2428 488b | ca49 8bd7 

  0x000001a5905ec29c: ;   {runtime_call}
  0x000001a5905ec29c: 48b8 d081 | 8f23 f97f | 0000 ffd0 | 488b 7424 | 2848 8b7c | 2430 488b | 4c24 384c | 8b44 2440 
  0x000001a5905ec2bc: 4c8b 5c24 | 48c5 f877 | 4883 c450 | e93b ebff | fff0 8344 | 24c0 0041 | 803a 000f | 8462 ebff 
  0x000001a5905ec2dc: ff41 c602 | 0049 8b57 | 5048 85d2 | 0f84 1400 | 0000 4883 | ea08 4989 | 5750 4903 | 5758 4c89 
  0x000001a5905ec2fc: 12e9 3deb | ffff 4883 | ec50 4c89 | 5c24 484c | 8944 2440 | 4889 4c24 | 3848 897c | 2430 4889 
  0x000001a5905ec31c: 7424 2849 | 8bca 498b 

  0x000001a5905ec324: ;   {runtime_call}
  0x000001a5905ec324: d748 b8b0 | 818f 23f9 | 7f00 00ff | d048 8b74 | 2428 488b | 7c24 3048 | 8b4c 2438 | 4c8b 4424 
  0x000001a5905ec344: 404c 8b5c | 2448 c5f8 | 7748 83c4 | 50e9 e9ea | ffff 418b | 0948 c1e1 | 0348 83f9 | 000f 84a2 
  0x000001a5905ec364: ebff ff49 | 8b5f 3848 | 85db 0f84 | 1400 0000 | 4883 eb08 | 4989 5f38 | 4903 5f40 | 4889 0be9 
  0x000001a5905ec384: 81eb ffff | 4883 ec30 | 4c89 4c24 | 2848 8944 | 2420 498b 

  0x000001a5905ec398: ;   {runtime_call}
  0x000001a5905ec398: d748 b8d0 | 818f 23f9 | 7f00 00ff | d048 8b44 | 2420 4c8b | 4c24 28c5 | f877 4883 | c430 e94e 
  0x000001a5905ec3b8: ebff fff0 | 8344 24c0 | 0080 3b00 | 0f84 76eb | ffff c603 | 0049 8b4f | 5048 85c9 | 0f84 1400 
  0x000001a5905ec3d8: 0000 4883 | e908 4989 | 4f50 4903 | 4f58 4889 | 19e9 52eb | ffff 4883 | ec20 488b | cb49 8bd7 
  0x000001a5905ec3f8: ;   {runtime_call}
  0x000001a5905ec3f8: 48b8 b081 | 8f23 f97f | 0000 ffd0 | c5f8 7748 | 83c4 20e9 | 30eb ffff | 458b 0149 | c1e0 0349 
  0x000001a5905ec418: 83f8 000f | 84c3 ebff | ff4d 8b57 | 384d 85d2 | 0f84 1400 | 0000 4983 | ea08 4d89 | 5738 4d03 
  0x000001a5905ec438: 5740 4d89 | 02e9 a2eb | ffff 4883 | ec40 4c89 | 5c24 384c | 894c 2430 | 4889 4c24 | 2848 897c 
  0x000001a5905ec458: 2420 498b | c849 8bd7 

  0x000001a5905ec460: ;   {runtime_call}
  0x000001a5905ec460: 48b8 d081 | 8f23 f97f | 0000 ffd0 | 488b 7c24 | 2048 8b4c | 2428 4c8b | 4c24 304c | 8b5c 2438 
  0x000001a5905ec480: c5f8 7748 | 83c4 40e9 | 58eb ffff | 458b 1a49 | c1e3 0349 | 83fb 000f | 8413 f2ff | ff4d 8b47 
  0x000001a5905ec4a0: 384d 85c0 | 0f84 1400 | 0000 4983 | e808 4d89 | 4738 4d03 | 4740 4d89 | 18e9 f2f1 | ffff 4883 
  0x000001a5905ec4c0: ec40 4c89 | 5424 3848 | 8974 2430 | 4889 4424 | 2849 8bcb 

  0x000001a5905ec4d4: ;   {runtime_call}
  0x000001a5905ec4d4: 498b d748 | b8d0 818f | 23f9 7f00 | 00ff d048 | 8b44 2428 | 488b 7424 | 304c 8b54 | 2438 c5f8 
  0x000001a5905ec4f4: 7748 83c4 | 40e9 b2f1 | ffff f083 | 4424 c000 | 4180 3800 | 0f84 e4f1 | ffff 41c6 | 0000 4d8b 
  0x000001a5905ec514: 5f50 4d85 | db0f 8414 | 0000 0049 | 83eb 084d | 895f 504d | 035f 584d | 8903 e9bf | f1ff ff48 
  0x000001a5905ec534: 83ec 3048 | 8974 2428 | 498b c849 

  0x000001a5905ec540: ;   {runtime_call}
  0x000001a5905ec540: 8bd7 48b8 | b081 8f23 | f97f 0000 | ffd0 488b | 7424 28c5 | f877 4883 | c430 e993 | f1ff ff45 
  0x000001a5905ec560: 8b18 49c1 | e303 4983 | fb00 0f84 | 10f2 ffff | 4d8b 5738 | 4d85 d20f | 8414 0000 | 0049 83ea 
  0x000001a5905ec580: 084d 8957 | 384d 0357 | 404d 891a | e9ef f1ff | ff48 83ec | 404c 8944 | 2438 4c89 | 4c24 3048 
  0x000001a5905ec5a0: 8944 2428 | 498b cb49 

  0x000001a5905ec5a8: ;   {runtime_call}
  0x000001a5905ec5a8: 8bd7 48b8 | d081 8f23 | f97f 0000 | ffd0 488b | 4424 284c | 8b4c 2430 | 4c8b 4424 | 38c5 f877 
  0x000001a5905ec5c8: 4883 c440 | e9af f1ff | fff0 8344 | 24c0 0041 | 803a 000f | 84e1 f1ff | ff41 c602 | 004d 8b5f 
  0x000001a5905ec5e8: 504d 85db | 0f84 1400 | 0000 4983 | eb08 4d89 | 5f50 4d03 | 5f58 4d89 | 13e9 bcf1 | ffff 4883 
  0x000001a5905ec608: ec30 4c89 | 4c24 2849 | 8bca 498b 

  0x000001a5905ec614: ;   {runtime_call}
  0x000001a5905ec614: d748 b8b0 | 818f 23f9 | 7f00 00ff | d04c 8b4c | 2428 c5f8 | 7748 83c4 | 30e9 90f1 | ffff 4183 
  0x000001a5905ec634: 87d8 0600 | 0008 e90e | f0ff ff41 | 8387 d806 | 0000 08e9 | 85ee ffff | 4183 87d8 | 0600 0008 
  0x000001a5905ec654: e90c edff 

  0x000001a5905ec658: ;   {internal_word}
  0x000001a5905ec658: ff49 ba8c | b05e 90a5 | 0100 004d | 8997 e004 

  0x000001a5905ec668: ;   {runtime_call SafepointBlob}
  0x000001a5905ec668: 0000 e9f1 | 489c ff41 | 8387 d806 | 0000 08e9 | 36e5 ffff | 4183 87d8 | 0600 0008 | e9d0 e0ff 
  0x000001a5905ec688: ;   {runtime_call Stub::method_entry_barrier}
  0x000001a5905ec688: ffe8 b27b | 9aff e99b | dfff fff4 | f4f4 f4f4 
[Stub Code]
  0x000001a5905ec698: ;   {static_stub}
  0x000001a5905ec698: 48bb 0000 | 0000 0000 

  0x000001a5905ec6a0: ;   {runtime_call nmethod}
  0x000001a5905ec6a0: 0000 e9fb 

  0x000001a5905ec6a4: ;   {static_stub}
  0x000001a5905ec6a4: ffff ff48 | bb00 0000 | 0000 0000 

  0x000001a5905ec6b0: ;   {runtime_call nmethod}
  0x000001a5905ec6b0: 00e9 fbff 

  0x000001a5905ec6b4: ;   {static_stub}
  0x000001a5905ec6b4: ffff 48bb | 0000 0000 | 0000 0000 

  0x000001a5905ec6c0: ;   {runtime_call nmethod}
  0x000001a5905ec6c0: e9fb ffff 

  0x000001a5905ec6c4: ;   {static_stub}
  0x000001a5905ec6c4: ff48 bb00 | 0000 0000 

  0x000001a5905ec6cc: ;   {runtime_call nmethod}
  0x000001a5905ec6cc: 0000 00e9 | fbff ffff 

  0x000001a5905ec6d4: ;   {static_stub}
  0x000001a5905ec6d4: 48bb 0000 | 0000 0000 

  0x000001a5905ec6dc: ;   {runtime_call nmethod}
  0x000001a5905ec6dc: 0000 e9fb 

  0x000001a5905ec6e0: ;   {static_stub}
  0x000001a5905ec6e0: ffff ff48 | bb00 0000 | 0000 0000 

  0x000001a5905ec6ec: ;   {runtime_call nmethod}
  0x000001a5905ec6ec: 00e9 fbff 

  0x000001a5905ec6f0: ;   {static_stub}
  0x000001a5905ec6f0: ffff 48bb | 0000 0000 | 0000 0000 

  0x000001a5905ec6fc: ;   {runtime_call nmethod}
  0x000001a5905ec6fc: e9fb ffff 

  0x000001a5905ec700: ;   {static_stub}
  0x000001a5905ec700: ff48 bb00 | 0000 0000 

  0x000001a5905ec708: ;   {runtime_call nmethod}
  0x000001a5905ec708: 0000 00e9 | fbff ffff 

  0x000001a5905ec710: ;   {static_stub}
  0x000001a5905ec710: 48bb 0000 | 0000 0000 

  0x000001a5905ec718: ;   {runtime_call nmethod}
  0x000001a5905ec718: 0000 e9fb 

  0x000001a5905ec71c: ;   {runtime_call ExceptionBlob}
  0x000001a5905ec71c: ffff ffe9 | bc51 a9ff 
[Deopt Handler Code]
  0x000001a5905ec724: e800 0000 | 0048 832c 

  0x000001a5905ec72c: ;   {runtime_call DeoptimizationBlob}
  0x000001a5905ec72c: 2405 e92d | 4b9c fff4 | f4f4 f4f4 
[/MachCode]


---------------  P R O C E S S  ---------------

Threads class SMR info:
_java_thread_list=0x000001a59e6f0ac0, length=17, elements={
0x000001a599cbba90, 0x000001a599cbc4f0, 0x000001a599cc8280, 0x000001a599ccd9b0,
0x000001a599cce570, 0x000001a599ccf130, 0x000001a599cd4040, 0x000001a599cd6cb0,
0x000001a59e052710, 0x000001a59e056ee0, 0x000001a59e7e0cd0, 0x000001a59e7e1490,
0x000001a59e3e6c20, 0x000001a59eb05010, 0x000001a59eb5e810, 0x000001a5f7f2de20,
0x000001a59ec3ee90
}

Java Threads: ( => current thread )
  0x000001a599cbba90 JavaThread "Reference Handler"          daemon [_thread_blocked, id=20492, stack(0x0000001c21600000,0x0000001c21700000) (1024K)]
  0x000001a599cbc4f0 JavaThread "Finalizer"                  daemon [_thread_blocked, id=11208, stack(0x0000001c21700000,0x0000001c21800000) (1024K)]
  0x000001a599cc8280 JavaThread "Signal Dispatcher"          daemon [_thread_blocked, id=2420, stack(0x0000001c21800000,0x0000001c21900000) (1024K)]
  0x000001a599ccd9b0 JavaThread "Attach Listener"            daemon [_thread_blocked, id=16392, stack(0x0000001c21900000,0x0000001c21a00000) (1024K)]
  0x000001a599cce570 JavaThread "Service Thread"             daemon [_thread_blocked, id=21744, stack(0x0000001c21a00000,0x0000001c21b00000) (1024K)]
  0x000001a599ccf130 JavaThread "Monitor Deflation Thread"   daemon [_thread_blocked, id=3060, stack(0x0000001c21b00000,0x0000001c21c00000) (1024K)]
  0x000001a599cd4040 JavaThread "C2 CompilerThread0"         daemon [_thread_blocked, id=21344, stack(0x0000001c21c00000,0x0000001c21d00000) (1024K)]
  0x000001a599cd6cb0 JavaThread "C1 CompilerThread0"         daemon [_thread_blocked, id=22184, stack(0x0000001c21d00000,0x0000001c21e00000) (1024K)]
  0x000001a59e052710 JavaThread "Notification Thread"        daemon [_thread_blocked, id=20316, stack(0x0000001c21e00000,0x0000001c21f00000) (1024K)]
  0x000001a59e056ee0 JavaThread "Common-Cleaner"             daemon [_thread_blocked, id=15588, stack(0x0000001c21f00000,0x0000001c22000000) (1024K)]
  0x000001a59e7e0cd0 JavaThread "Java2D Disposer"            daemon [_thread_blocked, id=13240, stack(0x0000001c22000000,0x0000001c22100000) (1024K)]
  0x000001a59e7e1490 JavaThread "AWT-Shutdown"                      [_thread_blocked, id=22504, stack(0x0000001c22100000,0x0000001c22200000) (1024K)]
  0x000001a59e3e6c20 JavaThread "AWT-Windows"                daemon [_thread_in_native, id=18948, stack(0x0000001c22200000,0x0000001c22300000) (1024K)]
  0x000001a59eb05010 JavaThread "Thread-1"                          [_thread_blocked, id=22388, stack(0x0000001c22400000,0x0000001c22500000) (1024K)]
=>0x000001a59eb5e810 JavaThread "AWT-EventQueue-0"                  [_thread_in_native, id=7664, stack(0x0000001c22500000,0x0000001c22600000) (1024K)]
  0x000001a5f7f2de20 JavaThread "DestroyJavaVM"                     [_thread_blocked, id=9748, stack(0x0000001c20e00000,0x0000001c20f00000) (1024K)]
  0x000001a59ec3ee90 JavaThread "TimerQueue"                 daemon [_thread_blocked, id=19700, stack(0x0000001c22900000,0x0000001c22a00000) (1024K)]
Total: 17

Other Threads:
  0x000001a599ca6bd0 VMThread "VM Thread"                           [id=18476, stack(0x0000001c21500000,0x0000001c21600000) (1024K)]
  0x000001a599c969d0 WatcherThread "VM Periodic Task Thread"        [id=20072, stack(0x0000001c21400000,0x0000001c21500000) (1024K)]
  0x000001a5fa3c6740 WorkerThread "GC Thread#0"                     [id=15252, stack(0x0000001c20f00000,0x0000001c21000000) (1024K)]
  0x000001a59e252100 WorkerThread "GC Thread#1"                     [id=11880, stack(0x0000001c20b00000,0x0000001c20c00000) (1024K)]
  0x000001a59e252530 WorkerThread "GC Thread#2"                     [id=21724, stack(0x0000001c20c00000,0x0000001c20d00000) (1024K)]
  0x000001a59e252960 WorkerThread "GC Thread#3"                     [id=1796, stack(0x0000001c20d00000,0x0000001c20e00000) (1024K)]
  0x000001a59e252d90 WorkerThread "GC Thread#4"                     [id=20528, stack(0x0000001c22300000,0x0000001c22400000) (1024K)]
  0x000001a59e2531c0 WorkerThread "GC Thread#5"                     [id=20596, stack(0x0000001c22a00000,0x0000001c22b00000) (1024K)]
  0x000001a59e80c320 WorkerThread "GC Thread#6"                     [id=15404, stack(0x0000001c22b00000,0x0000001c22c00000) (1024K)]
  0x000001a59e3f23c0 WorkerThread "GC Thread#7"                     [id=14280, stack(0x0000001c22c00000,0x0000001c22d00000) (1024K)]
  0x000001a59e3f0e30 WorkerThread "GC Thread#8"                     [id=21096, stack(0x0000001c22d00000,0x0000001c22e00000) (1024K)]
  0x000001a5fa3deef0 ConcurrentGCThread "G1 Main Marker"            [id=1964, stack(0x0000001c21000000,0x0000001c21100000) (1024K)]
  0x000001a5fa3df890 WorkerThread "G1 Conc#0"                       [id=18192, stack(0x0000001c21100000,0x0000001c21200000) (1024K)]
  0x000001a599b5fb60 ConcurrentGCThread "G1 Refine#0"               [id=5504, stack(0x0000001c21200000,0x0000001c21300000) (1024K)]
  0x000001a599b60570 ConcurrentGCThread "G1 Service"                [id=5632, stack(0x0000001c21300000,0x0000001c21400000) (1024K)]
Total: 15

Threads with active compile tasks:
Total: 0

VM state: not at safepoint (normal execution)

VM Mutex/Monitor currently owned by a thread: None

Heap address: 0x0000000704c00000, size: 4020 MB, Compressed Oops mode: Zero based, Oop shift amount: 3

CDS archive(s) mapped at: [0x0000000025000000-0x0000000025dd0000-0x0000000025dd0000), size 14483456, SharedBaseAddress: 0x0000000025000000, ArchiveRelocationMode: 1.
Compressed class space mapped at: 0x0000000026000000-0x0000000066000000, reserved size: 1073741824
UseCompressedClassPointers 1, UseCompactObjectHeaders 0
Narrow klass pointer bits 32, Max shift 3
Narrow klass base: 0x0000000025000000, Narrow klass shift: 0
Encoding Range: [0x0000000025000000 - 0x0000000125000000), (4294967296 bytes)
Klass Range:    [0x0000000025010000 - 0x0000000066000000), (1090453504 bytes)
Klass ID Range:  [65536 - 1090519033) (1090453497)
Protection zone: [0x0000000025000000 - 0x0000000025010000), (65536 bytes)

GC Precious Log:
 CardTable entry size: 512
 Card Set container configuration: InlinePtr #cards 4 size 8 Array Of Cards #cards 16 size 48 Howl #buckets 8 coarsen threshold 3686 Howl Bitmap #cards 512 size 80 coarsen threshold 460 Card regions per heap region 1 cards per card region 4096
 CPUs: 12 total, 12 available
 Memory: 16076M
 Large Page Support: Disabled
 NUMA Support: Disabled
 Compressed Oops: Enabled (Zero based)
 Heap Region Size: 2M
 Heap Min Capacity: 8M
 Heap Initial Capacity: 252M
 Heap Max Capacity: 4020M
 Pre-touch: Disabled
 Parallel Workers: 10
 Concurrent Workers: 3
 Concurrent Refinement Workers: 10
 Periodic GC: Disabled

Heap:
 garbage-first heap   total reserved 4116480K, committed 260096K, used 69635K [0x0000000704c00000, 0x0000000800000000)
  region size 2048K, 27 young (55296K), 2 survivors (4096K)

Heap Regions: E=young(eden), S=young(survivor), O=old, HS=humongous(starts), HC=humongous(continues), CS=collection set, F=free, TAMS=top-at-mark-start, PB=parsable bottom
|   0|0x0000000704c00000, 0x0000000704e00000, 0x0000000704e00000|100%|HS|  |TAMS 0x0000000704c00000| PB 0x0000000704c00000| Complete |  0
|   1|0x0000000704e00000, 0x0000000705000000, 0x0000000705000000|100%|HS|  |TAMS 0x0000000704e00000| PB 0x0000000704e00000| Complete |  0
|   2|0x0000000705000000, 0x0000000705200000, 0x0000000705200000|100%|HS|  |TAMS 0x0000000705000000| PB 0x0000000705000000| Complete |  0
|   3|0x0000000705200000, 0x0000000705400000, 0x0000000705400000|100%|HC|  |TAMS 0x0000000705200000| PB 0x0000000705200000| Complete |  0
|   4|0x0000000705400000, 0x0000000705600000, 0x0000000705600000|100%|HC|  |TAMS 0x0000000705400000| PB 0x0000000705400000| Complete |  0
|   5|0x0000000705600000, 0x0000000705800000, 0x0000000705800000|100%|HC|  |TAMS 0x0000000705600000| PB 0x0000000705600000| Complete |  0
|   6|0x0000000705800000, 0x0000000705a00000, 0x0000000705a00000|100%|HS|  |TAMS 0x0000000705800000| PB 0x0000000705800000| Complete |  0
|   7|0x0000000705a00000, 0x0000000705c00000, 0x0000000705c00000|100%|HS|  |TAMS 0x0000000705a00000| PB 0x0000000705a00000| Complete |  0
|   8|0x0000000705c00000, 0x0000000705e00000, 0x0000000705e00000|100%|HS|  |TAMS 0x0000000705c00000| PB 0x0000000705c00000| Complete |  0
|   9|0x0000000705e00000, 0x0000000705e00000, 0x0000000706000000|  0%| F|  |TAMS 0x0000000705e00000| PB 0x0000000705e00000| Untracked |  0
|  10|0x0000000706000000, 0x0000000706000000, 0x0000000706200000|  0%| F|  |TAMS 0x0000000706000000| PB 0x0000000706000000| Untracked |  0
|  11|0x0000000706200000, 0x0000000706200000, 0x0000000706400000|  0%| F|  |TAMS 0x0000000706200000| PB 0x0000000706200000| Untracked |  0
|  12|0x0000000706400000, 0x0000000706400000, 0x0000000706600000|  0%| F|  |TAMS 0x0000000706400000| PB 0x0000000706400000| Untracked |  0
|  13|0x0000000706600000, 0x0000000706600000, 0x0000000706800000|  0%| F|  |TAMS 0x0000000706600000| PB 0x0000000706600000| Untracked |  0
|  14|0x0000000706800000, 0x0000000706800000, 0x0000000706a00000|  0%| F|  |TAMS 0x0000000706800000| PB 0x0000000706800000| Untracked |  0
|  15|0x0000000706a00000, 0x0000000706a00000, 0x0000000706c00000|  0%| F|  |TAMS 0x0000000706a00000| PB 0x0000000706a00000| Untracked |  0
|  16|0x0000000706c00000, 0x0000000706c00000, 0x0000000706e00000|  0%| F|  |TAMS 0x0000000706c00000| PB 0x0000000706c00000| Untracked |  0
|  17|0x0000000706e00000, 0x0000000706e00000, 0x0000000707000000|  0%| F|  |TAMS 0x0000000706e00000| PB 0x0000000706e00000| Untracked |  0
|  18|0x0000000707000000, 0x0000000707000000, 0x0000000707200000|  0%| F|  |TAMS 0x0000000707000000| PB 0x0000000707000000| Untracked |  0
|  19|0x0000000707200000, 0x0000000707200000, 0x0000000707400000|  0%| F|  |TAMS 0x0000000707200000| PB 0x0000000707200000| Untracked |  0
|  20|0x0000000707400000, 0x0000000707400000, 0x0000000707600000|  0%| F|  |TAMS 0x0000000707400000| PB 0x0000000707400000| Untracked |  0
|  21|0x0000000707600000, 0x0000000707600000, 0x0000000707800000|  0%| F|  |TAMS 0x0000000707600000| PB 0x0000000707600000| Untracked |  0
|  22|0x0000000707800000, 0x0000000707800000, 0x0000000707a00000|  0%| F|  |TAMS 0x0000000707800000| PB 0x0000000707800000| Untracked |  0
|  23|0x0000000707a00000, 0x0000000707a00000, 0x0000000707c00000|  0%| F|  |TAMS 0x0000000707a00000| PB 0x0000000707a00000| Untracked |  0
|  24|0x0000000707c00000, 0x0000000707c00000, 0x0000000707e00000|  0%| F|  |TAMS 0x0000000707c00000| PB 0x0000000707c00000| Untracked |  0
|  25|0x0000000707e00000, 0x0000000707e00000, 0x0000000708000000|  0%| F|  |TAMS 0x0000000707e00000| PB 0x0000000707e00000| Untracked |  0
|  26|0x0000000708000000, 0x0000000708000000, 0x0000000708200000|  0%| F|  |TAMS 0x0000000708000000| PB 0x0000000708000000| Untracked |  0
|  27|0x0000000708200000, 0x0000000708200000, 0x0000000708400000|  0%| F|  |TAMS 0x0000000708200000| PB 0x0000000708200000| Untracked |  0
|  28|0x0000000708400000, 0x0000000708400000, 0x0000000708600000|  0%| F|  |TAMS 0x0000000708400000| PB 0x0000000708400000| Untracked |  0
|  29|0x0000000708600000, 0x0000000708600000, 0x0000000708800000|  0%| F|  |TAMS 0x0000000708600000| PB 0x0000000708600000| Untracked |  0
|  30|0x0000000708800000, 0x0000000708800000, 0x0000000708a00000|  0%| F|  |TAMS 0x0000000708800000| PB 0x0000000708800000| Untracked |  0
|  31|0x0000000708a00000, 0x0000000708a00000, 0x0000000708c00000|  0%| F|  |TAMS 0x0000000708a00000| PB 0x0000000708a00000| Untracked |  0
|  32|0x0000000708c00000, 0x0000000708c00000, 0x0000000708e00000|  0%| F|  |TAMS 0x0000000708c00000| PB 0x0000000708c00000| Untracked |  0
|  33|0x0000000708e00000, 0x0000000708e00000, 0x0000000709000000|  0%| F|  |TAMS 0x0000000708e00000| PB 0x0000000708e00000| Untracked |  0
|  34|0x0000000709000000, 0x0000000709000000, 0x0000000709200000|  0%| F|  |TAMS 0x0000000709000000| PB 0x0000000709000000| Untracked |  0
|  35|0x0000000709200000, 0x0000000709200000, 0x0000000709400000|  0%| F|  |TAMS 0x0000000709200000| PB 0x0000000709200000| Untracked |  0
|  36|0x0000000709400000, 0x0000000709400000, 0x0000000709600000|  0%| F|  |TAMS 0x0000000709400000| PB 0x0000000709400000| Untracked |  0
|  37|0x0000000709600000, 0x0000000709600000, 0x0000000709800000|  0%| F|  |TAMS 0x0000000709600000| PB 0x0000000709600000| Untracked |  0
|  38|0x0000000709800000, 0x0000000709800000, 0x0000000709a00000|  0%| F|  |TAMS 0x0000000709800000| PB 0x0000000709800000| Untracked |  0
|  39|0x0000000709a00000, 0x0000000709a00000, 0x0000000709c00000|  0%| F|  |TAMS 0x0000000709a00000| PB 0x0000000709a00000| Untracked |  0
|  40|0x0000000709c00000, 0x0000000709c00000, 0x0000000709e00000|  0%| F|  |TAMS 0x0000000709c00000| PB 0x0000000709c00000| Untracked |  0
|  41|0x0000000709e00000, 0x0000000709e00000, 0x000000070a000000|  0%| F|  |TAMS 0x0000000709e00000| PB 0x0000000709e00000| Untracked |  0
|  42|0x000000070a000000, 0x000000070a000000, 0x000000070a200000|  0%| F|  |TAMS 0x000000070a000000| PB 0x000000070a000000| Untracked |  0
|  43|0x000000070a200000, 0x000000070a200000, 0x000000070a400000|  0%| F|  |TAMS 0x000000070a200000| PB 0x000000070a200000| Untracked |  0
|  44|0x000000070a400000, 0x000000070a400000, 0x000000070a600000|  0%| F|  |TAMS 0x000000070a400000| PB 0x000000070a400000| Untracked |  0
|  45|0x000000070a600000, 0x000000070a600000, 0x000000070a800000|  0%| F|  |TAMS 0x000000070a600000| PB 0x000000070a600000| Untracked |  0
|  46|0x000000070a800000, 0x000000070a800000, 0x000000070aa00000|  0%| F|  |TAMS 0x000000070a800000| PB 0x000000070a800000| Untracked |  0
|  47|0x000000070aa00000, 0x000000070aa00000, 0x000000070ac00000|  0%| F|  |TAMS 0x000000070aa00000| PB 0x000000070aa00000| Untracked |  0
|  48|0x000000070ac00000, 0x000000070ac00000, 0x000000070ae00000|  0%| F|  |TAMS 0x000000070ac00000| PB 0x000000070ac00000| Untracked |  0
|  49|0x000000070ae00000, 0x000000070ae00000, 0x000000070b000000|  0%| F|  |TAMS 0x000000070ae00000| PB 0x000000070ae00000| Untracked |  0
|  50|0x000000070b000000, 0x000000070b000000, 0x000000070b200000|  0%| F|  |TAMS 0x000000070b000000| PB 0x000000070b000000| Untracked |  0
|  51|0x000000070b200000, 0x000000070b200000, 0x000000070b400000|  0%| F|  |TAMS 0x000000070b200000| PB 0x000000070b200000| Untracked |  0
|  52|0x000000070b400000, 0x000000070b400000, 0x000000070b600000|  0%| F|  |TAMS 0x000000070b400000| PB 0x000000070b400000| Untracked |  0
|  53|0x000000070b600000, 0x000000070b600000, 0x000000070b800000|  0%| F|  |TAMS 0x000000070b600000| PB 0x000000070b600000| Untracked |  0
|  54|0x000000070b800000, 0x000000070b800000, 0x000000070ba00000|  0%| F|  |TAMS 0x000000070b800000| PB 0x000000070b800000| Untracked |  0
|  55|0x000000070ba00000, 0x000000070ba00000, 0x000000070bc00000|  0%| F|  |TAMS 0x000000070ba00000| PB 0x000000070ba00000| Untracked |  0
|  56|0x000000070bc00000, 0x000000070bc00000, 0x000000070be00000|  0%| F|  |TAMS 0x000000070bc00000| PB 0x000000070bc00000| Untracked |  0
|  57|0x000000070be00000, 0x000000070be00000, 0x000000070c000000|  0%| F|  |TAMS 0x000000070be00000| PB 0x000000070be00000| Untracked |  0
|  58|0x000000070c000000, 0x000000070c000000, 0x000000070c200000|  0%| F|  |TAMS 0x000000070c000000| PB 0x000000070c000000| Untracked |  0
|  59|0x000000070c200000, 0x000000070c200000, 0x000000070c400000|  0%| F|  |TAMS 0x000000070c200000| PB 0x000000070c200000| Untracked |  0
|  60|0x000000070c400000, 0x000000070c400000, 0x000000070c600000|  0%| F|  |TAMS 0x000000070c400000| PB 0x000000070c400000| Untracked |  0
|  61|0x000000070c600000, 0x000000070c600000, 0x000000070c800000|  0%| F|  |TAMS 0x000000070c600000| PB 0x000000070c600000| Untracked |  0
|  62|0x000000070c800000, 0x000000070c800000, 0x000000070ca00000|  0%| F|  |TAMS 0x000000070c800000| PB 0x000000070c800000| Untracked |  0
|  63|0x000000070ca00000, 0x000000070ca00000, 0x000000070cc00000|  0%| F|  |TAMS 0x000000070ca00000| PB 0x000000070ca00000| Untracked |  0
|  64|0x000000070cc00000, 0x000000070cc00000, 0x000000070ce00000|  0%| F|  |TAMS 0x000000070cc00000| PB 0x000000070cc00000| Untracked |  0
|  65|0x000000070ce00000, 0x000000070ce00000, 0x000000070d000000|  0%| F|  |TAMS 0x000000070ce00000| PB 0x000000070ce00000| Untracked |  0
|  66|0x000000070d000000, 0x000000070d000000, 0x000000070d200000|  0%| F|  |TAMS 0x000000070d000000| PB 0x000000070d000000| Untracked |  0
|  67|0x000000070d200000, 0x000000070d200000, 0x000000070d400000|  0%| F|  |TAMS 0x000000070d200000| PB 0x000000070d200000| Untracked |  0
|  68|0x000000070d400000, 0x000000070d400000, 0x000000070d600000|  0%| F|  |TAMS 0x000000070d400000| PB 0x000000070d400000| Untracked |  0
|  69|0x000000070d600000, 0x000000070d600000, 0x000000070d800000|  0%| F|  |TAMS 0x000000070d600000| PB 0x000000070d600000| Untracked |  0
|  70|0x000000070d800000, 0x000000070d800000, 0x000000070da00000|  0%| F|  |TAMS 0x000000070d800000| PB 0x000000070d800000| Untracked |  0
|  71|0x000000070da00000, 0x000000070da00000, 0x000000070dc00000|  0%| F|  |TAMS 0x000000070da00000| PB 0x000000070da00000| Untracked |  0
|  72|0x000000070dc00000, 0x000000070dc00000, 0x000000070de00000|  0%| F|  |TAMS 0x000000070dc00000| PB 0x000000070dc00000| Untracked |  0
|  73|0x000000070de00000, 0x000000070de00000, 0x000000070e000000|  0%| F|  |TAMS 0x000000070de00000| PB 0x000000070de00000| Untracked |  0
|  74|0x000000070e000000, 0x000000070e000000, 0x000000070e200000|  0%| F|  |TAMS 0x000000070e000000| PB 0x000000070e000000| Untracked |  0
|  75|0x000000070e200000, 0x000000070e200000, 0x000000070e400000|  0%| F|  |TAMS 0x000000070e200000| PB 0x000000070e200000| Untracked |  0
|  76|0x000000070e400000, 0x000000070e400000, 0x000000070e600000|  0%| F|  |TAMS 0x000000070e400000| PB 0x000000070e400000| Untracked |  0
|  77|0x000000070e600000, 0x000000070e600000, 0x000000070e800000|  0%| F|  |TAMS 0x000000070e600000| PB 0x000000070e600000| Untracked |  0
|  78|0x000000070e800000, 0x000000070e800000, 0x000000070ea00000|  0%| F|  |TAMS 0x000000070e800000| PB 0x000000070e800000| Untracked |  0
|  79|0x000000070ea00000, 0x000000070ea00000, 0x000000070ec00000|  0%| F|  |TAMS 0x000000070ea00000| PB 0x000000070ea00000| Untracked |  0
|  80|0x000000070ec00000, 0x000000070ec00000, 0x000000070ee00000|  0%| F|  |TAMS 0x000000070ec00000| PB 0x000000070ec00000| Untracked |  0
|  81|0x000000070ee00000, 0x000000070ee00000, 0x000000070f000000|  0%| F|  |TAMS 0x000000070ee00000| PB 0x000000070ee00000| Untracked |  0
|  82|0x000000070f000000, 0x000000070f000000, 0x000000070f200000|  0%| F|  |TAMS 0x000000070f000000| PB 0x000000070f000000| Untracked |  0
|  83|0x000000070f200000, 0x000000070f200000, 0x000000070f400000|  0%| F|  |TAMS 0x000000070f200000| PB 0x000000070f200000| Untracked |  0
|  84|0x000000070f400000, 0x000000070f400000, 0x000000070f600000|  0%| F|  |TAMS 0x000000070f400000| PB 0x000000070f400000| Untracked |  0
|  85|0x000000070f600000, 0x000000070f600000, 0x000000070f800000|  0%| F|  |TAMS 0x000000070f600000| PB 0x000000070f600000| Untracked |  0
|  86|0x000000070f800000, 0x000000070f800000, 0x000000070fa00000|  0%| F|  |TAMS 0x000000070f800000| PB 0x000000070f800000| Untracked |  0
|  87|0x000000070fa00000, 0x000000070fa00000, 0x000000070fc00000|  0%| F|  |TAMS 0x000000070fa00000| PB 0x000000070fa00000| Untracked |  0
|  88|0x000000070fc00000, 0x000000070fc00000, 0x000000070fe00000|  0%| F|  |TAMS 0x000000070fc00000| PB 0x000000070fc00000| Untracked |  0
|  89|0x000000070fe00000, 0x000000070fe00000, 0x0000000710000000|  0%| F|  |TAMS 0x000000070fe00000| PB 0x000000070fe00000| Untracked |  0
|  90|0x0000000710000000, 0x0000000710000000, 0x0000000710200000|  0%| F|  |TAMS 0x0000000710000000| PB 0x0000000710000000| Untracked |  0
|  91|0x0000000710200000, 0x0000000710200000, 0x0000000710400000|  0%| F|  |TAMS 0x0000000710200000| PB 0x0000000710200000| Untracked |  0
|  92|0x0000000710400000, 0x0000000710400000, 0x0000000710600000|  0%| F|  |TAMS 0x0000000710400000| PB 0x0000000710400000| Untracked |  0
|  93|0x0000000710600000, 0x0000000710600000, 0x0000000710800000|  0%| F|  |TAMS 0x0000000710600000| PB 0x0000000710600000| Untracked |  0
|  94|0x0000000710800000, 0x0000000710800000, 0x0000000710a00000|  0%| F|  |TAMS 0x0000000710800000| PB 0x0000000710800000| Untracked |  0
|  95|0x0000000710a00000, 0x0000000710a00000, 0x0000000710c00000|  0%| F|  |TAMS 0x0000000710a00000| PB 0x0000000710a00000| Untracked |  0
|  96|0x0000000710c00000, 0x0000000710c00000, 0x0000000710e00000|  0%| F|  |TAMS 0x0000000710c00000| PB 0x0000000710c00000| Untracked |  0
|  97|0x0000000710e00000, 0x0000000710e00000, 0x0000000711000000|  0%| F|  |TAMS 0x0000000710e00000| PB 0x0000000710e00000| Untracked |  0
|  98|0x0000000711000000, 0x0000000711000000, 0x0000000711200000|  0%| F|  |TAMS 0x0000000711000000| PB 0x0000000711000000| Untracked |  0
|  99|0x0000000711200000, 0x0000000711400000, 0x0000000711400000|100%| E|  |TAMS 0x0000000711200000| PB 0x0000000711200000| Complete |  0
| 100|0x0000000711400000, 0x00000007114dc000, 0x0000000711600000| 42%| S|CS|TAMS 0x0000000711400000| PB 0x0000000711400000| Complete |  0
| 101|0x0000000711600000, 0x0000000711800000, 0x0000000711800000|100%| S|CS|TAMS 0x0000000711600000| PB 0x0000000711600000| Complete |  0
| 102|0x0000000711800000, 0x0000000711a00000, 0x0000000711a00000|100%| E|CS|TAMS 0x0000000711800000| PB 0x0000000711800000| Complete |  0
| 103|0x0000000711a00000, 0x0000000711c00000, 0x0000000711c00000|100%| E|CS|TAMS 0x0000000711a00000| PB 0x0000000711a00000| Complete |  0
| 104|0x0000000711c00000, 0x0000000711e00000, 0x0000000711e00000|100%| E|CS|TAMS 0x0000000711c00000| PB 0x0000000711c00000| Complete |  0
| 105|0x0000000711e00000, 0x0000000712000000, 0x0000000712000000|100%| E|CS|TAMS 0x0000000711e00000| PB 0x0000000711e00000| Complete |  0
| 106|0x0000000712000000, 0x0000000712200000, 0x0000000712200000|100%| E|CS|TAMS 0x0000000712000000| PB 0x0000000712000000| Complete |  0
| 107|0x0000000712200000, 0x0000000712400000, 0x0000000712400000|100%| E|CS|TAMS 0x0000000712200000| PB 0x0000000712200000| Complete |  0
| 108|0x0000000712400000, 0x0000000712600000, 0x0000000712600000|100%| E|CS|TAMS 0x0000000712400000| PB 0x0000000712400000| Complete |  0
| 109|0x0000000712600000, 0x0000000712800000, 0x0000000712800000|100%| E|CS|TAMS 0x0000000712600000| PB 0x0000000712600000| Complete |  0
| 110|0x0000000712800000, 0x0000000712a00000, 0x0000000712a00000|100%| E|CS|TAMS 0x0000000712800000| PB 0x0000000712800000| Complete |  0
| 111|0x0000000712a00000, 0x0000000712c00000, 0x0000000712c00000|100%| E|CS|TAMS 0x0000000712a00000| PB 0x0000000712a00000| Complete |  0
| 112|0x0000000712c00000, 0x0000000712e00000, 0x0000000712e00000|100%| E|  |TAMS 0x0000000712c00000| PB 0x0000000712c00000| Complete |  0
| 113|0x0000000712e00000, 0x0000000713000000, 0x0000000713000000|100%| E|CS|TAMS 0x0000000712e00000| PB 0x0000000712e00000| Complete |  0
| 114|0x0000000713000000, 0x0000000713200000, 0x0000000713200000|100%| E|CS|TAMS 0x0000000713000000| PB 0x0000000713000000| Complete |  0
| 115|0x0000000713200000, 0x0000000713400000, 0x0000000713400000|100%| E|CS|TAMS 0x0000000713200000| PB 0x0000000713200000| Complete |  0
| 116|0x0000000713400000, 0x0000000713600000, 0x0000000713600000|100%| E|CS|TAMS 0x0000000713400000| PB 0x0000000713400000| Complete |  0
| 117|0x0000000713600000, 0x0000000713800000, 0x0000000713800000|100%| E|CS|TAMS 0x0000000713600000| PB 0x0000000713600000| Complete |  0
| 118|0x0000000713800000, 0x0000000713a00000, 0x0000000713a00000|100%| E|CS|TAMS 0x0000000713800000| PB 0x0000000713800000| Complete |  0
| 119|0x0000000713a00000, 0x0000000713c00000, 0x0000000713c00000|100%| E|CS|TAMS 0x0000000713a00000| PB 0x0000000713a00000| Complete |  0
| 120|0x0000000713c00000, 0x0000000713e00000, 0x0000000713e00000|100%| E|CS|TAMS 0x0000000713c00000| PB 0x0000000713c00000| Complete |  0
| 121|0x0000000713e00000, 0x0000000714000000, 0x0000000714000000|100%| E|CS|TAMS 0x0000000713e00000| PB 0x0000000713e00000| Complete |  0
| 122|0x0000000714000000, 0x0000000714200000, 0x0000000714200000|100%| E|CS|TAMS 0x0000000714000000| PB 0x0000000714000000| Complete |  0
| 123|0x0000000714200000, 0x0000000714400000, 0x0000000714400000|100%| E|CS|TAMS 0x0000000714200000| PB 0x0000000714200000| Complete |  0
| 124|0x0000000714400000, 0x0000000714600000, 0x0000000714600000|100%| E|CS|TAMS 0x0000000714400000| PB 0x0000000714400000| Complete |  0
| 125|0x0000000714600000, 0x0000000714800000, 0x0000000714800000|100%| E|CS|TAMS 0x0000000714600000| PB 0x0000000714600000| Complete |  0
|2009|0x00000007ffe00000, 0x00000007fff24ea8, 0x0000000800000000| 57%| O|  |TAMS 0x00000007ffe00000| PB 0x00000007ffe00000| Untracked |  0

Card table byte_map: [0x000001a5fb150000,0x000001a5fb930000] _byte_map_base: 0x000001a5f792a000

Marking Bits: (CMBitMap*) 0x000001a5fa3c6cd0
 Bits: [0x000001a5fb930000, 0x000001a5ff800000)

Polling page: 0x000001a5f83c0000

Metaspace:
Metaspace        used 17384K, committed 17600K, reserved 1114112K
 class space     used 1895K, committed 1984K, reserved 1048576K

Usage:
  Non-class:     15.13 MB used.
      Class:      1.85 MB used.
       Both:     16.98 MB used.

Virtual space:
  Non-class space:       64.00 MB reserved,      15.25 MB ( 24%) committed,  1 nodes.
      Class space:        1.00 GB reserved,       1.94 MB ( <1%) committed,  1 nodes.
             Both:        1.06 GB reserved,      17.19 MB (  2%) committed. 

Chunk freelists:
   Non-Class:  606.00 KB
       Class:  14.07 MB
        Both:  14.66 MB

MaxMetaspaceSize: unlimited
CompressedClassSpaceSize: 1.00 GB
Initial GC threshold: 21.00 MB
Current GC threshold: 21.00 MB
CDS: on
 - commit_granule_bytes: 65536.
 - commit_granule_words: 8192.
 - virtual_space_node_default_size: 8388608.
 - enlarge_chunks_in_place: 1.
UseCompressedClassPointers 1, UseCompactObjectHeaders 0
Narrow klass pointer bits 32, Max shift 3
Narrow klass base: 0x0000000025000000, Narrow klass shift: 0
Encoding Range: [0x0000000025000000 - 0x0000000125000000), (4294967296 bytes)
Klass Range:    [0x0000000025010000 - 0x0000000066000000), (1090453504 bytes)
Klass ID Range:  [65536 - 1090519033) (1090453497)
Protection zone: [0x0000000025000000 - 0x0000000025010000), (65536 bytes)


Internal statistics:

num_allocs_failed_limit: 0.
num_arena_births: 152.
num_arena_deaths: 0.
num_vsnodes_births: 2.
num_vsnodes_deaths: 0.
num_space_committed: 275.
num_space_uncommitted: 0.
num_chunks_returned_to_freelist: 0.
num_chunks_taken_from_freelist: 396.
num_chunk_merges: 0.
num_chunk_splits: 270.
num_chunks_enlarged: 188.
num_inconsistent_stats: 0.

CodeHeap 'non-profiled nmethods': size=120064Kb used=1012Kb max_used=1012Kb free=119051Kb
 bounds [0x000001a5904f0000, 0x000001a590760000, 0x000001a597a30000]
CodeHeap 'profiled nmethods': size=120000Kb used=4951Kb max_used=4951Kb free=115048Kb
 bounds [0x000001a588a30000, 0x000001a588f10000, 0x000001a58ff60000]
CodeHeap 'non-nmethods': size=5696Kb used=1619Kb max_used=1708Kb free=4076Kb
 bounds [0x000001a58ff60000, 0x000001a5901d0000, 0x000001a5904f0000]
CodeCache: size=245760Kb, used=7582Kb, max_used=7671Kb, free=238175Kb
 total_blobs=3929, nmethods=3175, adapters=657, full_count=0
Compilation: enabled, stopped_count=0, restarted_count=0

Compilation events (20 events):
Event: 182.599 Thread 0x000001a599cd6cb0 3166       3       java.text.ParsePosition::<init> (20 bytes)
Event: 182.599 Thread 0x000001a599cd6cb0 nmethod 3166 0x000001a588f04588 code [0x000001a588f04680, 0x000001a588f047f8]
Event: 182.962 Thread 0x000001a599cd4040 3167       4       sun.awt.dnd.SunDragSourceContextPeer::checkEvent (29 bytes)
Event: 182.962 Thread 0x000001a599cd4040 nmethod 3167 0x000001a5905e9908 code [0x000001a5905e9a00, 0x000001a5905e9aa0]
Event: 183.442 Thread 0x000001a599cd4040 3168       4       java.awt.Rectangle::<init> (9 bytes)
Event: 183.442 Thread 0x000001a599cd4040 nmethod 3168 0x000001a5905e9c08 code [0x000001a5905e9d00, 0x000001a5905e9d88]
Event: 185.405 Thread 0x000001a599cd6cb0 3169       3       javax.swing.plaf.basic.BasicLabelUI::paintEnabledText (27 bytes)
Event: 185.406 Thread 0x000001a599cd6cb0 nmethod 3169 0x000001a588f04888 code [0x000001a588f04980, 0x000001a588f04f68]
Event: 185.406 Thread 0x000001a599cd4040 3170       4       java.lang.ref.Reference::refersTo (6 bytes)
Event: 185.407 Thread 0x000001a599cd4040 nmethod 3170 0x000001a5905e9f08 code [0x000001a5905ea000, 0x000001a5905ea0a0]
Event: 185.407 Thread 0x000001a599cd6cb0 3171   !   3       javax.swing.plaf.metal.MetalUtils$GradientPainter::paint (89 bytes)
Event: 185.407 Thread 0x000001a599cd6cb0 nmethod 3171 0x000001a588f04f88 code [0x000001a588f05080, 0x000001a588f059b8]
Event: 185.407 Thread 0x000001a599cd6cb0 3172   !   3       sun.swing.CachedPainter::paint (47 bytes)
Event: 185.407 Thread 0x000001a599cd6cb0 nmethod 3172 0x000001a588f05a08 code [0x000001a588f05b00, 0x000001a588f05e60]
Event: 190.404 Thread 0x000001a599cd4040 3173       4       javax.swing.RepaintManager::currentManager (37 bytes)
Event: 190.405 Thread 0x000001a599cd4040 nmethod 3173 0x000001a5905ea208 code [0x000001a5905ea300, 0x000001a5905ea3f0]
Event: 260.502 Thread 0x000001a599cd4040 3174   !   4       java.awt.EventDispatchThread::pumpOneEventForFilters (106 bytes)
Event: 260.557 Thread 0x000001a599cd4040 nmethod 3174 0x000001a5905ea508 code [0x000001a5905ea600, 0x000001a5905ec738]
Event: 265.508 Thread 0x000001a599cd4040 3175   !   4       java.awt.EventDispatchThread::filterAndCheckEvent (108 bytes)
Event: 265.524 Thread 0x000001a599cd4040 nmethod 3175 0x000001a5905ec788 code [0x000001a5905ec880, 0x000001a5905ed1c8]

GC Heap Usage History (2 events):
Event: 115.385 {heap Before GC invocations=0 (full 0):
 garbage-first heap   total reserved 4116480K, committed 260096K, used 60563K [0x0000000704c00000, 0x0000000800000000)
  region size 2048K, 24 young (49152K), 0 survivors (0K)
}
Event: 115.393 {heap After GC invocations=1 (full 0):
 garbage-first heap   total reserved 4116480K, committed 260096K, used 14339K [0x0000000704c00000, 0x0000000800000000)
  region size 2048K, 2 young (4096K), 2 survivors (4096K)
}

Metaspace Usage History (2 events):
Event: 115.385 {metaspace Before GC invocations=0 (full 0):
 Metaspace       used 14498K, committed 14720K, reserved 1114112K
  class space    used 1544K, committed 1664K, reserved 1048576K
}
Event: 115.393 {metaspace After GC invocations=1 (full 0):
 Metaspace       used 14498K, committed 14720K, reserved 1114112K
  class space    used 1544K, committed 1664K, reserved 1048576K
}

Dll operation events (8 events):
Event: 0.007 Loaded shared library C:\Users\vaishnavi\AppData\Roaming\Code\User\globalStorage\pleiades.java-extension-pack-jdk\java\latest\bin\java.dll
Event: 0.038 Loaded shared library C:\Users\vaishnavi\AppData\Roaming\Code\User\globalStorage\pleiades.java-extension-pack-jdk\java\latest\bin\jimage.dll
Event: 0.041 Loaded shared library C:\Users\vaishnavi\AppData\Roaming\Code\User\globalStorage\pleiades.java-extension-pack-jdk\java\latest\bin\net.dll
Event: 0.042 Loaded shared library C:\Users\vaishnavi\AppData\Roaming\Code\User\globalStorage\pleiades.java-extension-pack-jdk\java\latest\bin\nio.dll
Event: 0.047 Loaded shared library C:\Users\vaishnavi\AppData\Roaming\Code\User\globalStorage\pleiades.java-extension-pack-jdk\java\latest\bin\zip.dll
Event: 0.053 Loaded shared library C:\Users\vaishnavi\AppData\Roaming\Code\User\globalStorage\pleiades.java-extension-pack-jdk\java\latest\bin\awt.dll
Event: 0.365 Loaded shared library C:\Users\vaishnavi\AppData\Roaming\Code\User\globalStorage\pleiades.java-extension-pack-jdk\java\latest\bin\freetype.dll
Event: 0.365 Loaded shared library C:\Users\vaishnavi\AppData\Roaming\Code\User\globalStorage\pleiades.java-extension-pack-jdk\java\latest\bin\fontmanager.dll

Deoptimization events (20 events):
Event: 171.857 Thread 0x000001a59eb5e810 Uncommon trap: trap_request=0xffffff45 fr.pc=0x000001a59057bac0 relative=0x00000000000001a0
Event: 171.857 Thread 0x000001a59eb5e810 Uncommon trap: reason=unstable_if action=reinterpret pc=0x000001a59057bac0 method=java.awt.geom.AffineTransform.updateState()V @ 95 c2
Event: 171.857 Thread 0x000001a59eb5e810 DEOPT PACKING pc=0x000001a59057bac0 sp=0x0000001c225fcfa0
Event: 171.857 Thread 0x000001a59eb5e810 DEOPT UNPACKING pc=0x000001a590081682 sp=0x0000001c225fcf40 mode 2
Event: 171.857 Thread 0x000001a59eb5e810 Uncommon trap: trap_request=0xffffff45 fr.pc=0x000001a590596e2c relative=0x000000000000010c
Event: 171.857 Thread 0x000001a59eb5e810 Uncommon trap: reason=unstable_if action=reinterpret pc=0x000001a590596e2c method=java.awt.geom.AffineTransform.translate(DD)V @ 375 c2
Event: 171.857 Thread 0x000001a59eb5e810 DEOPT PACKING pc=0x000001a590596e2c sp=0x0000001c225fcf60
Event: 171.857 Thread 0x000001a59eb5e810 DEOPT UNPACKING pc=0x000001a590081682 sp=0x0000001c225fcee8 mode 2
Event: 175.401 Thread 0x000001a59eb5e810 Uncommon trap: trap_request=0xfffffff4 fr.pc=0x000001a5905d7ac0 relative=0x00000000000021c0
Event: 175.401 Thread 0x000001a59eb5e810 Uncommon trap: reason=null_check action=make_not_entrant pc=0x000001a5905d7ac0 method=java.awt.Component.enableEvents(J)V @ 112 c2
Event: 175.401 Thread 0x000001a59eb5e810 DEOPT PACKING pc=0x000001a5905d7ac0 sp=0x0000001c225fd970
Event: 175.401 Thread 0x000001a59eb5e810 DEOPT UNPACKING pc=0x000001a590081682 sp=0x0000001c225fd610 mode 2
Event: 182.589 Thread 0x000001a59eb5e810 Uncommon trap: trap_request=0xffffff66 fr.pc=0x000001a5905e7378 relative=0x0000000000000278
Event: 182.589 Thread 0x000001a59eb5e810 Uncommon trap: reason=loop_limit_check action=maybe_recompile pc=0x000001a5905e7378 method=java.awt.EventDispatchThread.filterAndCheckEvent(Ljava/awt/AWTEvent;)Z @ 22 c2
Event: 182.589 Thread 0x000001a59eb5e810 DEOPT PACKING pc=0x000001a5905e7378 sp=0x0000001c225fef40
Event: 182.589 Thread 0x000001a59eb5e810 DEOPT UNPACKING pc=0x000001a590081682 sp=0x0000001c225fee90 mode 2
Event: 182.590 Thread 0x000001a59eb5e810 Uncommon trap: trap_request=0xffffff66 fr.pc=0x000001a5905e6c88 relative=0x0000000000000688
Event: 182.590 Thread 0x000001a59eb5e810 Uncommon trap: reason=loop_limit_check action=maybe_recompile pc=0x000001a5905e6c88 method=java.awt.EventDispatchThread.filterAndCheckEvent(Ljava/awt/AWTEvent;)Z @ 22 c2
Event: 182.590 Thread 0x000001a59eb5e810 DEOPT PACKING pc=0x000001a5905e6c88 sp=0x0000001c225feee0
Event: 182.590 Thread 0x000001a59eb5e810 DEOPT UNPACKING pc=0x000001a590081682 sp=0x0000001c225fee90 mode 2

Classes loaded (20 events):
Event: 157.961 Loading class java/awt/geom/Path2D$Iterator done
Event: 157.961 Loading class java/awt/geom/Path2D$Float$TxIterator done
Event: 157.963 Loading class javax/swing/event/AncestorEvent
Event: 157.963 Loading class javax/swing/event/AncestorEvent done
Event: 160.653 Loading class sun/font/CMap$CMapFormat12
Event: 160.653 Loading class sun/font/CMap$CMapFormat12 done
Event: 163.032 Loading class java/util/LinkedHashMap$LinkedValues
Event: 163.032 Loading class java/util/LinkedHashMap$LinkedValues done
Event: 163.032 Loading class java/util/LinkedHashMap$LinkedValueIterator
Event: 163.032 Loading class java/util/LinkedHashMap$LinkedValueIterator done
Event: 163.039 Loading class javax/swing/plaf/basic/BasicOptionPaneUI$1
Event: 163.039 Loading class javax/swing/plaf/basic/BasicOptionPaneUI$1 done
Event: 171.829 Loading class javax/swing/plaf/basic/BasicOptionPaneUI$MultiplexingTextField
Event: 171.829 Loading class javax/swing/plaf/basic/BasicOptionPaneUI$MultiplexingTextField done
Event: 173.570 Loading class javax/swing/JMenuBar
Event: 173.570 Loading class javax/swing/JMenuBar done
Event: 173.616 Loading class javax/swing/event/CaretListener
Event: 173.616 Loading class javax/swing/event/CaretListener done
Event: 180.813 Loading class java/lang/invoke/MethodHandle$1
Event: 180.813 Loading class java/lang/invoke/MethodHandle$1 done

Classes unloaded (0 events):
No events

Classes redefined (0 events):
No events

Internal exceptions (20 events):
Event: 120.396 Thread 0x000001a59eb5e810 Implicit null exception at 0x000001a5905781d5 to 0x000001a5905789fc
Event: 124.600 Thread 0x000001a59eb5e810 Exception <a 'java/lang/NoSuchMethodError'{0x00000007143739b8}: 'void java.lang.invoke.DirectMethodHandle$Holder.invokeSpecial(java.lang.Object, java.lang.Object, java.lang.Object, java.lang.Object, java.lang.Object)'> (0x00000007143739b8) 
thrown [s\src\hotspot\share\interpreter\linkResolver.cpp, line 804]
Event: 135.225 Thread 0x000001a59eb5e810 Exception <a 'java/lang/NoSuchMethodError'{0x0000000713cfd228}: 'int java.lang.invoke.DirectMethodHandle$Holder.invokeStatic(java.lang.Object)'> (0x0000000713cfd228) 
thrown [s\src\hotspot\share\interpreter\linkResolver.cpp, line 804]
Event: 157.893 Thread 0x000001a59eb5e810 Exception <a 'sun/nio/fs/WindowsException'{0x000000071318bee8}> (0x000000071318bee8) 
thrown [s\src\hotspot\share\prims\jni.cpp, line 516]
Event: 157.894 Thread 0x000001a59eb5e810 Exception <a 'sun/nio/fs/WindowsException'{0x000000071318ccc8}> (0x000000071318ccc8) 
thrown [s\src\hotspot\share\prims\jni.cpp, line 516]
Event: 157.894 Thread 0x000001a59eb5e810 Exception <a 'sun/nio/fs/WindowsException'{0x000000071318d500}> (0x000000071318d500) 
thrown [s\src\hotspot\share\prims\jni.cpp, line 516]
Event: 157.906 Thread 0x000001a59eb5e810 Exception <a 'java/lang/NoSuchMethodError'{0x0000000712e6dd18}: 'int java.lang.invoke.DirectMethodHandle$Holder.invokeVirtual(java.lang.Object, java.lang.Object)'> (0x0000000712e6dd18) 
thrown [s\src\hotspot\share\interpreter\linkResolver.cpp, line 804]
Event: 157.907 Thread 0x000001a59eb5e810 Exception <a 'java/lang/NoSuchMethodError'{0x0000000712e84888}: 'int java.lang.invoke.DirectMethodHandle$Holder.invokeStatic(java.lang.Object, java.lang.Object, java.lang.Object, java.lang.Object)'> (0x0000000712e84888) 
thrown [s\src\hotspot\share\interpreter\linkResolver.cpp, line 804]
Event: 157.909 Thread 0x000001a59eb5e810 Exception <a 'java/lang/NoSuchMethodError'{0x0000000712e96258}: 'void java.lang.invoke.DirectMethodHandle$Holder.invokeStaticInit(java.lang.Object, java.lang.Object)'> (0x0000000712e96258) 
thrown [s\src\hotspot\share\interpreter\linkResolver.cpp, line 804]
Event: 163.025 Thread 0x000001a59eb5e810 Exception <a 'sun/nio/fs/WindowsException'{0x0000000712dc0ca0}> (0x0000000712dc0ca0) 
thrown [s\src\hotspot\share\prims\jni.cpp, line 516]
Event: 163.025 Thread 0x000001a59eb5e810 Exception <a 'sun/nio/fs/WindowsException'{0x0000000712dc1a80}> (0x0000000712dc1a80) 
thrown [s\src\hotspot\share\prims\jni.cpp, line 516]
Event: 163.025 Thread 0x000001a59eb5e810 Exception <a 'sun/nio/fs/WindowsException'{0x0000000712dc22b8}> (0x0000000712dc22b8) 
thrown [s\src\hotspot\share\prims\jni.cpp, line 516]
Event: 163.038 Thread 0x000001a59eb5e810 Exception <a 'java/lang/NoSuchMethodError'{0x0000000712aa43b0}: 'java.lang.Object java.lang.invoke.DelegatingMethodHandle$Holder.reinvoke_L(java.lang.Object, java.lang.Object, java.lang.Object, java.lang.Object, java.lang.Object, int, int)'> (0x0000000712aa43b0) 
thrown [s\src\hotspot\share\interpreter\linkResolver.cpp, line 804]
Event: 169.540 Thread 0x000001a59eb5e810 Exception <a 'sun/nio/fs/WindowsException'{0x00000007122f6ab0}> (0x00000007122f6ab0) 
thrown [s\src\hotspot\share\prims\jni.cpp, line 516]
Event: 169.541 Thread 0x000001a59eb5e810 Exception <a 'sun/nio/fs/WindowsException'{0x00000007122f7890}> (0x00000007122f7890) 
thrown [s\src\hotspot\share\prims\jni.cpp, line 516]
Event: 169.541 Thread 0x000001a59eb5e810 Exception <a 'sun/nio/fs/WindowsException'{0x00000007122f80c8}> (0x00000007122f80c8) 
thrown [s\src\hotspot\share\prims\jni.cpp, line 516]
Event: 175.401 Thread 0x000001a59eb5e810 Implicit null exception at 0x000001a5905d6aa6 to 0x000001a5905d7ab0
Event: 180.797 Thread 0x000001a59eb5e810 Exception <a 'sun/nio/fs/WindowsException'{0x0000000711ba6e70}> (0x0000000711ba6e70) 
thrown [s\src\hotspot\share\prims\jni.cpp, line 516]
Event: 180.798 Thread 0x000001a59eb5e810 Exception <a 'sun/nio/fs/WindowsException'{0x0000000711ba7c50}> (0x0000000711ba7c50) 
thrown [s\src\hotspot\share\prims\jni.cpp, line 516]
Event: 180.798 Thread 0x000001a59eb5e810 Exception <a 'sun/nio/fs/WindowsException'{0x0000000711ba8488}> (0x0000000711ba8488) 
thrown [s\src\hotspot\share\prims\jni.cpp, line 516]

VM Operations (20 events):
Event: 157.926 Executing non-safepoint VM operation: HandshakeAllThreads (Deoptimize)
Event: 157.926 Executing non-safepoint VM operation: HandshakeAllThreads (Deoptimize) done
Event: 157.928 Executing non-safepoint VM operation: HandshakeAllThreads (Deoptimize)
Event: 157.928 Executing non-safepoint VM operation: HandshakeAllThreads (Deoptimize) done
Event: 157.931 Executing non-safepoint VM operation: HandshakeAllThreads (Deoptimize)
Event: 157.931 Executing non-safepoint VM operation: HandshakeAllThreads (Deoptimize) done
Event: 157.931 Executing non-safepoint VM operation: HandshakeAllThreads (Deoptimize)
Event: 157.931 Executing non-safepoint VM operation: HandshakeAllThreads (Deoptimize) done
Event: 157.933 Executing non-safepoint VM operation: HandshakeAllThreads (Deoptimize)
Event: 157.933 Executing non-safepoint VM operation: HandshakeAllThreads (Deoptimize) done
Event: 157.938 Executing non-safepoint VM operation: HandshakeAllThreads (Deoptimize)
Event: 157.938 Executing non-safepoint VM operation: HandshakeAllThreads (Deoptimize) done
Event: 180.320 Executing non-safepoint VM operation: HandshakeAllThreads (HandshakeForDeflation)
Event: 180.320 Executing non-safepoint VM operation: HandshakeAllThreads (HandshakeForDeflation) done
Event: 180.320 Executing non-safepoint VM operation: RendezvousGCThreads
Event: 180.320 Executing non-safepoint VM operation: RendezvousGCThreads done
Event: 240.566 Executing non-safepoint VM operation: HandshakeAllThreads (HandshakeForDeflation)
Event: 240.566 Executing non-safepoint VM operation: HandshakeAllThreads (HandshakeForDeflation) done
Event: 240.570 Executing non-safepoint VM operation: RendezvousGCThreads
Event: 240.570 Executing non-safepoint VM operation: RendezvousGCThreads done

Memory protections (0 events):
No events

Nmethod flushes (0 events):
No events

Events (20 events):
Event: 163.030 Thread 0x000001a59eb5e810 Thread added: 0x000001a59ebb5c20
Event: 163.033 Thread 0x000001a59eb5e810 Thread added: 0x000001a59ebb8330
Event: 163.033 Thread 0x000001a59ebb8330 Thread added: 0x000001a59ebb6bc0
Event: 163.034 Thread 0x000001a59ebb8330 Thread exited: 0x000001a59ebb8330
Event: 163.034 Thread 0x000001a59ebb5c20 Thread exited: 0x000001a59ebb5c20
Event: 163.034 Thread 0x000001a59ebb6bc0 Thread exited: 0x000001a59ebb6bc0
Event: 169.550 Thread 0x000001a59eb5e810 Thread added: 0x000001a59ebb5c20
Event: 169.551 Thread 0x000001a59eb5e810 Thread added: 0x000001a59ebb6bc0
Event: 169.551 Thread 0x000001a59ebb6bc0 Thread added: 0x000001a59ebb7b60
Event: 169.552 Thread 0x000001a59ebb5c20 Thread exited: 0x000001a59ebb5c20
Event: 169.552 Thread 0x000001a59ebb6bc0 Thread exited: 0x000001a59ebb6bc0
Event: 169.552 Thread 0x000001a59ebb7b60 Thread exited: 0x000001a59ebb7b60
Event: 169.563 Thread 0x000001a59eb5e810 Thread added: 0x000001a59ebb63f0
Event: 174.563 Thread 0x000001a59ebb63f0 Thread exited: 0x000001a59ebb63f0
Event: 180.802 Thread 0x000001a59eb5e810 Thread added: 0x000001a59ebb63f0
Event: 180.804 Thread 0x000001a59eb5e810 Thread added: 0x000001a59ebb6bc0
Event: 180.805 Thread 0x000001a59ebb6bc0 Thread added: 0x000001a59ebb7b60
Event: 180.806 Thread 0x000001a59ebb63f0 Thread exited: 0x000001a59ebb63f0
Event: 180.806 Thread 0x000001a59ebb6bc0 Thread exited: 0x000001a59ebb6bc0
Event: 180.806 Thread 0x000001a59ebb7b60 Thread exited: 0x000001a59ebb7b60


Dynamic libraries:
0x00007ff600da0000 - 0x00007ff600dae000 	C:\Users\vaishnavi\AppData\Roaming\Code\User\globalStorage\pleiades.java-extension-pack-jdk\java\latest\bin\java.exe
0x00007ff98b700000 - 0x00007ff98b968000 	C:\Windows\SYSTEM32\ntdll.dll
0x00007ff989c20000 - 0x00007ff989ce9000 	C:\Windows\System32\KERNEL32.DLL
0x00007ff988c90000 - 0x00007ff989081000 	C:\Windows\System32\KERNELBASE.dll
0x00007ff987fe0000 - 0x00007ff98812b000 	C:\Windows\System32\ucrtbase.dll
0x00007ff973ca0000 - 0x00007ff973cb6000 	C:\Users\vaishnavi\AppData\Roaming\Code\User\globalStorage\pleiades.java-extension-pack-jdk\java\latest\bin\jli.dll
0x00007ff973d00000 - 0x00007ff973d1e000 	C:\Users\vaishnavi\AppData\Roaming\Code\User\globalStorage\pleiades.java-extension-pack-jdk\java\latest\bin\VCRUNTIME140.dll
0x00007ff989860000 - 0x00007ff989a26000 	C:\Windows\System32\USER32.dll
0x00007ff989250000 - 0x00007ff989277000 	C:\Windows\System32\win32u.dll
0x00007ff96b860000 - 0x00007ff96baf3000 	C:\Windows\WinSxS\amd64_microsoft.windows.common-controls_6595b64144ccf1df_6.0.26100.7824_none_3e0870b2e3345462\COMCTL32.dll
0x00007ff98a8d0000 - 0x00007ff98a8fb000 	C:\Windows\System32\GDI32.dll
0x00007ff989090000 - 0x00007ff9891bb000 	C:\Windows\System32\gdi32full.dll
0x00007ff989d80000 - 0x00007ff989e29000 	C:\Windows\System32\msvcrt.dll
0x00007ff989280000 - 0x00007ff989323000 	C:\Windows\System32\msvcp_win.dll
0x00007ff989620000 - 0x00007ff989651000 	C:\Windows\System32\IMM32.DLL
0x00007ff984f00000 - 0x00007ff984f0c000 	C:\Users\vaishnavi\AppData\Roaming\Code\User\globalStorage\pleiades.java-extension-pack-jdk\java\latest\bin\vcruntime140_1.dll
0x00007ff9690f0000 - 0x00007ff96917d000 	C:\Users\vaishnavi\AppData\Roaming\Code\User\globalStorage\pleiades.java-extension-pack-jdk\java\latest\bin\msvcp140.dll
0x00007ff923540000 - 0x00007ff924466000 	C:\Users\vaishnavi\AppData\Roaming\Code\User\globalStorage\pleiades.java-extension-pack-jdk\java\latest\bin\server\jvm.dll
0x00007ff98b600000 - 0x00007ff98b6b4000 	C:\Windows\System32\ADVAPI32.dll
0x00007ff989e30000 - 0x00007ff989ed6000 	C:\Windows\System32\sechost.dll
0x00007ff9896d0000 - 0x00007ff9897e8000 	C:\Windows\System32\RPCRT4.dll
0x00007ff989a30000 - 0x00007ff989aa4000 	C:\Windows\System32\WS2_32.dll
0x00007ff97e9e0000 - 0x00007ff97ea15000 	C:\Windows\SYSTEM32\WINMM.dll
0x00007ff97e950000 - 0x00007ff97e95b000 	C:\Windows\SYSTEM32\VERSION.dll
0x00007ff987e40000 - 0x00007ff987e9e000 	C:\Windows\SYSTEM32\POWRPROF.dll
0x00007ff987e20000 - 0x00007ff987e34000 	C:\Windows\SYSTEM32\UMPDC.dll
0x00007ff986d80000 - 0x00007ff986d9b000 	C:\Windows\SYSTEM32\kernel.appcore.dll
0x00007ff97c5e0000 - 0x00007ff97c5ea000 	C:\Users\vaishnavi\AppData\Roaming\Code\User\globalStorage\pleiades.java-extension-pack-jdk\java\latest\bin\jimage.dll
0x00007ff985f60000 - 0x00007ff9861a2000 	C:\Windows\SYSTEM32\DBGHELP.DLL
0x00007ff98b270000 - 0x00007ff98b5f6000 	C:\Windows\System32\combase.dll
0x00007ff98a690000 - 0x00007ff98a767000 	C:\Windows\System32\OLEAUT32.dll
0x00007ff96d310000 - 0x00007ff96d34b000 	C:\Windows\SYSTEM32\dbgcore.DLL
0x00007ff988a60000 - 0x00007ff988b05000 	C:\Windows\System32\bcryptPrimitives.dll
0x00007ff973c80000 - 0x00007ff973c9e000 	C:\Users\vaishnavi\AppData\Roaming\Code\User\globalStorage\pleiades.java-extension-pack-jdk\java\latest\bin\java.dll
0x00007ff989f60000 - 0x00007ff98a0f7000 	C:\Windows\System32\ole32.dll
0x00007ff98ab00000 - 0x00007ff98b252000 	C:\Windows\System32\SHELL32.dll
0x00007ff989330000 - 0x00007ff98949a000 	C:\Windows\System32\wintypes.dll
0x00007ff9881f0000 - 0x00007ff988a53000 	C:\Windows\System32\windows.storage.dll
0x00007ff98a100000 - 0x00007ff98a1f6000 	C:\Windows\System32\SHCORE.dll
0x00007ff9897f0000 - 0x00007ff989857000 	C:\Windows\System32\shlwapi.dll
0x00007ff987f00000 - 0x00007ff987f29000 	C:\Windows\SYSTEM32\profapi.dll
0x00007ff973c60000 - 0x00007ff973c71000 	C:\Users\vaishnavi\AppData\Roaming\Code\User\globalStorage\pleiades.java-extension-pack-jdk\java\latest\bin\net.dll
0x00007ff9872f0000 - 0x00007ff98735b000 	C:\Windows\system32\mswsock.dll
0x00007ff973c10000 - 0x00007ff973c26000 	C:\Users\vaishnavi\AppData\Roaming\Code\User\globalStorage\pleiades.java-extension-pack-jdk\java\latest\bin\nio.dll
0x00007ff973150000 - 0x00007ff973167000 	C:\Users\vaishnavi\AppData\Roaming\Code\User\globalStorage\pleiades.java-extension-pack-jdk\java\latest\bin\zip.dll
0x00007ff94e660000 - 0x00007ff94e7e0000 	C:\Users\vaishnavi\AppData\Roaming\Code\User\globalStorage\pleiades.java-extension-pack-jdk\java\latest\bin\awt.dll
0x00007ff9850c0000 - 0x00007ff98515e000 	C:\Windows\SYSTEM32\apphelp.dll
0x00007ff9856f0000 - 0x00007ff985721000 	C:\Windows\system32\DWMAPI.DLL
0x00007ff9853d0000 - 0x00007ff98547b000 	C:\Windows\system32\uxtheme.dll
0x00007ff927280000 - 0x00007ff927390000 	C:\Windows\system32\opengl32.dll
0x00007ff973120000 - 0x00007ff97314d000 	C:\Windows\SYSTEM32\GLU32.dll
0x00007ff985740000 - 0x00007ff985784000 	C:\Windows\SYSTEM32\dxcore.dll
0x00007ff989ab0000 - 0x00007ff989c0f000 	C:\Windows\System32\MSCTF.dll
0x00007ff945ef0000 - 0x00007ff945f77000 	C:\Users\vaishnavi\AppData\Roaming\Code\User\globalStorage\pleiades.java-extension-pack-jdk\java\latest\bin\freetype.dll
0x00007ff93c020000 - 0x00007ff93c10f000 	C:\Users\vaishnavi\AppData\Roaming\Code\User\globalStorage\pleiades.java-extension-pack-jdk\java\latest\bin\fontmanager.dll
0x00007ff989560000 - 0x00007ff989610000 	C:\Windows\System32\clbcatq.dll
0x00007ff981020000 - 0x00007ff98124f000 	C:\Windows\SYSTEM32\WindowsCodecs.dll
0x00007ff960580000 - 0x00007ff9605da000 	C:\Windows\system32\dataexchange.dll
0x00007ff974500000 - 0x00007ff974744000 	C:\Windows\system32\twinapi.appcore.dll
0x00007ff965560000 - 0x00007ff9656a9000 	C:\Windows\SYSTEM32\textinputframework.dll
0x00007ff9826b0000 - 0x00007ff9827d7000 	C:\Windows\SYSTEM32\CoreMessaging.dll
0x00007ff97eed0000 - 0x00007ff97f1b2000 	C:\Windows\SYSTEM32\CoreUIComponents.dll
0x00007ff9875e0000 - 0x00007ff9875ec000 	C:\Windows\SYSTEM32\CRYPTBASE.DLL
0x00007ff97c5f0000 - 0x00007ff97c601000 	C:\Windows\SYSTEM32\wtdccm.dll

JVMTI agents: none

dbghelp: loaded successfully - version: 4.0.5 - missing functions: none
symbol engine: initialized successfully - sym options: 0x614 - pdb path: .;C:\Users\vaishnavi\AppData\Roaming\Code\User\globalStorage\pleiades.java-extension-pack-jdk\java\latest\bin;C:\Windows\SYSTEM32;C:\Windows\WinSxS\amd64_microsoft.windows.common-controls_6595b64144ccf1df_6.0.26100.7824_none_3e0870b2e3345462;C:\Users\vaishnavi\AppData\Roaming\Code\User\globalStorage\pleiades.java-extension-pack-jdk\java\latest\bin\server

VM Arguments:
jvm_args: -Dstdout.encoding=UTF-8 -Dstderr.encoding=UTF-8 
java_command: SmartParkGUI
java_class_path (initial): .;lib/h2-2.4.240.jar
Launcher Type: SUN_STANDARD

[Global flags]
     intx CICompilerCount                          = 4                                         {product} {ergonomic}
     uint ConcGCThreads                            = 3                                         {product} {ergonomic}
     uint G1ConcRefinementThreads                  = 10                                        {product} {ergonomic}
   size_t G1HeapRegionSize                         = 2097152                                   {product} {ergonomic}
   size_t InitialHeapSize                          = 264241152                                 {product} {ergonomic}
   size_t MarkStackSize                            = 4194304                                   {product} {ergonomic}
   size_t MarkStackSizeMax                         = 536870912                                 {product} {ergonomic}
   size_t MaxHeapSize                              = 4215275520                                {product} {ergonomic}
   size_t MaxNewSize                               = 2529165312                                {product} {ergonomic}
   size_t MinHeapDeltaBytes                        = 2097152                                   {product} {ergonomic}
   size_t MinHeapSize                              = 8388608                                   {product} {ergonomic}
    uintx NonNMethodCodeHeapSize                   = 5832704                                {pd product} {ergonomic}
    uintx NonProfiledCodeHeapSize                  = 122945536                              {pd product} {ergonomic}
    uintx ProfiledCodeHeapSize                     = 122880000                              {pd product} {ergonomic}
    uintx ReservedCodeCacheSize                    = 251658240                              {pd product} {ergonomic}
     bool SegmentedCodeCache                       = true                                      {product} {ergonomic}
   size_t SoftMaxHeapSize                          = 4215275520                             {manageable} {ergonomic}
     bool UseCompressedOops                        = true                           {product lp64_product} {ergonomic}
     bool UseG1GC                                  = true                                      {product} {ergonomic}
     bool UseLargePagesIndividualAllocation        = false                                  {pd product} {ergonomic}

Logging:
Log output configuration:
 #0: stdout all=warning uptime,level,tags foldmultilines=false
 #1: stderr all=off uptime,level,tags foldmultilines=false

Release file:
IMPLEMENTOR="Eclipse Adoptium" 
IMPLEMENTOR_VERSION="Temurin-25.0.2+10" 
JAVA_RUNTIME_VERSION="25.0.2+10-LTS" 
JAVA_VERSION="25.0.2" 
JAVA_VERSION_DATE="2026-01-20" 
LIBC="default" 
MODULES="java.base java.compiler java.datatransfer java.xml java.prefs java.desktop java.instrument java.logging java.management java.security.sasl java.naming java.rmi java.management.rmi java.net.http java.scripting java.security.jgss java.transaction.xa java.sql java.sql.rowset java.xml.crypto java.se java.smartcardio jdk.accessibility jdk.internal.jvmstat jdk.attach jdk.charsets jdk.internal.opt jdk.zipfs jdk.compiler jdk.crypto.cryptoki jdk.crypto.ec jdk.crypto.mscapi jdk.dynalink jdk.internal.ed jdk.editpad jdk.internal.vm.ci jdk.graal.compiler jdk.graal.compiler.management jdk.hotspot.agent jdk.httpserver jdk.incubator.vector jdk.internal.le jdk.internal.md jdk.jartool jdk.javadoc jdk.jcmd jdk.management jdk.management.agent jdk.jconsole jdk.jdeps jdk.jdwp.agent jdk.jdi jdk.jfr jdk.jlink jdk.jpackage jdk.jshell jdk.jsobject jdk.jstatd jdk.localedata jdk.management.jfr jdk.naming.dns jdk.naming.rmi jdk.net jdk.nio.mapmode jdk.sctp jdk.security.auth jdk.security.jgss jdk.unsupported jdk.unsupported.desktop jdk.xml.dom" 
OS_ARCH="x86_64" 
OS_NAME="Windows" 
SOURCE=".:git:9e3c947043a4" 
BUILD_SOURCE="git:458965074606f027bd5afce2cfd5c1055dea0438"
BUILD_SOURCE_REPO="https://github.com/adoptium/temurin-build.git"
SOURCE_REPO="https://github.com/adoptium/jdk25u.git"
FULL_VERSION="25.0.2+10-LTS"
SEMANTIC_VERSION="25.0.2+10"
BUILD_INFO="OS: Windows Server 2022 Version: 10.0"
JVM_VARIANT="Hotspot"
JVM_VERSION="25.0.2+10-LTS"
IMAGE_TYPE="JDK"

Environment Variables:
JAVA_HOME=C:\Users\vaishnavi\AppData\Roaming\Code\User\globalStorage\pleiades.java-extension-pack-jdk\java\latest
JAVA_TOOL_OPTIONS=-Dstdout.encoding=UTF-8 -Dstderr.encoding=UTF-8
PATH=C:\Users\vaishnavi\AppData\Roaming\Code\User\globalStorage\pleiades.java-extension-pack-jdk\gradle\latest\bin;C:\Users\vaishnavi\AppData\Roaming\Code\User\globalStorage\pleiades.java-extension-pack-jdk\maven\latest\bin;C:\Users\vaishnavi\AppData\Roaming\Code\User\globalStorage\pleiades.java-extension-pack-jdk\java\latest\bin;C:\Program Files\Common Files\Oracle\Java\javapath;C:\Windows\system32;C:\Windows;C:\Windows\System32\Wbem;C:\Windows\System32\WindowsPowerShell\v1.0\;C:\Windows\System32\OpenSSH\;C:\Users\vaishnavi\AppData\Local\Microsoft\WindowsApps;C:\Users\vaishnavi\AppData\Local\Programs\Microsoft VS Code\bin;c:\Users\vaishnavi\.vscode\extensions\vscjava.vscode-java-debug-0.58.5\bundled\scripts\noConfigScripts
USERNAME=vaishnavi
LANG=en_US.UTF-8
OS=Windows_NT
PROCESSOR_IDENTIFIER=Intel64 Family 6 Model 154 Stepping 3, GenuineIntel
TMP=C:\Users\VAISHN~1\AppData\Local\Temp
TEMP=C:\Users\VAISHN~1\AppData\Local\Temp




Compilation memory statistics disabled.

Periodic native trim disabled

---------------  S Y S T E M  ---------------

OS:
 Windows 11 , 64 bit Build 26100 (10.0.26100.7705)
OS uptime: 0 days 16:21 hours
Hyper-V role detected

CPU: total 12 (initial active 12) (6 cores per cpu, 2 threads per core) family 6 model 154 stepping 3 microcode 0x437, cx8, cmov, fxsr, ht, mmx, 3dnowpref, sse, sse2, sse3, ssse3, sse4.1, sse4.2, popcnt, lzcnt, tsc, tscinvbit, avx, avx2, aes, erms, clmul, bmi1, bmi2, adx, sha, fma, vzeroupper, clflush, clflushopt, clwb, hv, serialize, rdtscp, rdpid, fsrm, gfni, f16c, cet_ibt, cet_ss
Processor Information for processor 0
  Max Mhz: 2000, Current Mhz: 2000, Mhz Limit: 2000
Processor Information for processor 1
  Max Mhz: 2000, Current Mhz: 2000, Mhz Limit: 2000
Processor Information for processor 2
  Max Mhz: 2000, Current Mhz: 2000, Mhz Limit: 2000
Processor Information for processor 3
  Max Mhz: 2000, Current Mhz: 2000, Mhz Limit: 2000
Processor Information for processor 4
  Max Mhz: 2000, Current Mhz: 2000, Mhz Limit: 2000
Processor Information for processor 5
  Max Mhz: 2000, Current Mhz: 2000, Mhz Limit: 2000
Processor Information for processor 6
  Max Mhz: 2000, Current Mhz: 2000, Mhz Limit: 2000
Processor Information for processor 7
  Max Mhz: 2000, Current Mhz: 2000, Mhz Limit: 2000
Processor Information for processor 8
  Max Mhz: 2000, Current Mhz: 1500, Mhz Limit: 1500
Processor Information for processor 9
  Max Mhz: 2000, Current Mhz: 1500, Mhz Limit: 1500
Processor Information for processor 10
  Max Mhz: 2000, Current Mhz: 1500, Mhz Limit: 1500
Processor Information for processor 11
  Max Mhz: 2000, Current Mhz: 1500, Mhz Limit: 1500

Memory: 4k page, system-wide physical 16076M (6271M free)
TotalPageFile size 19276M (AvailPageFile size 7066M)
current process WorkingSet (physical memory assigned to process): 159M, peak: 163M
current process commit charge ("private bytes"): 384M, peak: 398M

vm_info: OpenJDK 64-Bit Server VM (25.0.2+10-LTS) for windows-amd64 JRE (25.0.2+10-LTS), built on 2026-01-20T00:00:00Z with MS VC++ 17.12 (VS2022)

END.
